app_id,sequence,label
benign012,self-defined android java self-defined obfuscated obfuscated obfuscated java xml java android xml java android android java xml java google android self-defined java java self-defined android java java self-defined google self-defined java android java self-defined obfuscated android java android google android android java java android xml android java self-defined android java java self-defined java android xml java javax self-defined android java android google java self-defined self-defined obfuscated self-defined android java self-defined obfuscated android xml java,0
malware218,android google self-defined android google android android java self-defined obfuscated android xml java java android java self-defined obfuscated android self-defined java java java android xml java android self-defined android java java xml android android java self-defined obfuscated android java javax android google java android android android google java android android self-defined android xml javax android android java android android android java self-defined android self-defined xml android xml self-defined obfuscated obfuscated java android java self-defined obfuscated self-defined java apache self-defined android self-defined android java android google java android java android google android xml android xml android java android xml java xml xml java self-defined android java obfuscated obfuscated obfuscated xml self-defined android java java javax java java javax self-defined android java android google java android google obfuscated android java self-defined android google android java android google java google apache android android google java android android java self-defined google android java,1
benign070,google android java self-defined obfuscated java google android xml java xml self-defined self-defined android java google self-defined android java java self-defined android xml android self-defined android java java android android java self-defined obfuscated android java android google self-defined java xml java self-defined self-defined android java xml android java javax android self-defined javax java android java android xml java self-defined android java java xml self-defined android java xml java java xml apache xml obfuscated android java android google android self-defined java android self-defined java self-defined self-defined android java android android java self-defined obfuscated self-defined android android self-defined android java self-defined self-defined xml java java xml android java android self-defined android self-defined google google java java java android xml java apache java java java self-defined android java self-defined self-defined java android self-defined java java android self-defined java obfuscated android self-defined java javax javax,0
malware209,android java android self-defined javax self-defined android java obfuscated java android self-defined google android java google obfuscated obfuscated java android android xml java google self-defined java android xml java xml java self-defined apache android java android google android android java self-defined obfuscated java android xml java java xml android,1
benign138,java self-defined self-defined google self-defined google android android self-defined java java xml apache xml apache android java self-defined obfuscated javax android java xml self-defined obfuscated self-defined android java self-defined obfuscated self-defined obfuscated self-defined google self-defined google java javax java android java self-defined android self-defined java java xml java self-defined android java xml android self-defined android java self-defined android java android xml java javax java xml android java android google self-defined android java xml android android self-defined android self-defined google java java javax android java apache java google java self-defined self-defined android google android java android self-defined java javax android self-defined self-defined obfuscated google self-defined android java java android self-defined java java xml self-defined android java javax android java self-defined obfuscated apache javax java android android google java obfuscated java apache android java android google self-defined java,0
malware089,android android java self-defined obfuscated android android self-defined android xml apache java android self-defined google self-defined android java google self-defined android java java obfuscated obfuscated java android xml java android android android android java android android java self-defined obfuscated self-defined self-defined android self-defined java android google obfuscated android java android obfuscated obfuscated java android google android java self-defined obfuscated self-defined obfuscated obfuscated google android java self-defined obfuscated android java self-defined obfuscated obfuscated java android java xml google self-defined android android google,1
malware047,self-defined self-defined android java android self-defined java android xml java self-defined android android google java android self-defined obfuscated self-defined java android xml java self-defined google javax java javax xml self-defined android java self-defined android android google java xml google java android self-defined self-defined android java self-defined google android xml java xml android self-defined self-defined java java android xml java self-defined google android,1
benign196,google xml google java android java self-defined obfuscated google self-defined android java java android self-defined java java xml android android self-defined android java java self-defined java java android java obfuscated java xml apache android java android google android xml android java self-defined obfuscated google java java android self-defined java android java android xml java android android google java self-defined self-defined google android self-defined obfuscated google self-defined android self-defined java self-defined self-defined obfuscated self-defined self-defined java self-defined android java java android xml java android,0
benign039,apache xml self-defined java java java self-defined obfuscated java android xml java self-defined android java android self-defined android java android java android google java self-defined google android java android google google android xml apache java javax android google xml java self-defined android java android xml apache self-defined android java java,0
malware146,android android google java android google java java android self-defined google java xml java android self-defined javax xml android java self-defined obfuscated java android obfuscated java android xml java android google java android google android java java android android xml android android google java android android google java javax java google android google java android xml self-defined android java java android xml java android self-defined android java android google android self-defined android java android xml java self-defined java self-defined android java android java android google self-defined android android java xml android java android google android java java java android self-defined obfuscated java android google java java self-defined java self-defined google android self-defined java javax java android java android google self-defined obfuscated android obfuscated self-defined google android java self-defined obfuscated java xml java javax java android,1
malware087,google java xml apache xml java android xml java java java javax android java android google android java android self-defined self-defined android java xml java android xml java javax android google android google android android android android java self-defined obfuscated java self-defined self-defined self-defined obfuscated java java android self-defined obfuscated android google android self-defined android java self-defined obfuscated java android java java apache java android android java android google android java android google obfuscated self-defined self-defined android java self-defined java android self-defined android google java android xml android obfuscated obfuscated java android java self-defined obfuscated obfuscated obfuscated android xml xml java java self-defined android google java android javax self-defined self-defined android java javax java xml apache xml xml google self-defined android self-defined obfuscated self-defined self-defined self-defined obfuscated obfuscated google apache android java java android java self-defined obfuscated self-defined java android xml self-defined google android apache self-defined,1
malware133,android self-defined self-defined obfuscated self-defined google android android java android google self-defined java java self-defined obfuscated java xml java android xml java self-defined google android java self-defined obfuscated self-defined android java xml java android xml java java java android android java android google self-defined android java javax android android android java android google android google android google java android google java android java android java android xml android android google java android self-defined android self-defined self-defined obfuscated xml apache android xml google self-defined android google java android java self-defined java self-defined self-defined java javax android android java self-defined obfuscated self-defined android android xml android android android java self-defined java xml,1
benign116,xml android apache javax apache android self-defined java self-defined android java xml android android self-defined java java java self-defined android java android android google java java self-defined android java java android java self-defined obfuscated self-defined android android android java android google self-defined javax obfuscated android self-defined obfuscated self-defined java self-defined android java java obfuscated self-defined android android xml java javax self-defined android java google xml java self-defined android android self-defined java obfuscated java android xml java java self-defined self-defined java apache self-defined obfuscated obfuscated self-defined android android java xml java android google javax android java self-defined obfuscated java android xml java obfuscated android google self-defined android java java obfuscated android java android java self-defined obfuscated java android android java self-defined obfuscated obfuscated self-defined java android java javax xml apache self-defined android java android xml apache xml self-defined android java self-defined android java android java android xml java xml android java android self-defined java google obfuscated,0
benign058,java java android java self-defined obfuscated java self-defined obfuscated java android self-defined obfuscated obfuscated google android xml self-defined android java self-defined java android java self-defined obfuscated android self-defined xml java self-defined android java self-defined obfuscated obfuscated self-defined android java android google obfuscated obfuscated self-defined android java java self-defined self-defined java android java android google android self-defined google java self-defined java java android xml java xml java android apache java javax java android android google android java android google android self-defined self-defined android java obfuscated obfuscated obfuscated obfuscated android self-defined android self-defined java java javax android self-defined java self-defined android java java android xml java self-defined google javax xml java android java self-defined obfuscated obfuscated android google self-defined self-defined obfuscated android self-defined java java javax java android java java self-defined obfuscated java javax java android android self-defined android java xml android android self-defined java self-defined android javax android android self-defined android xml google java android xml java,0
malware022,java android java javax java android self-defined android java android google self-defined java android android obfuscated java android java android google java android xml java self-defined obfuscated obfuscated obfuscated java android self-defined android android xml java javax java android xml java xml android self-defined google android java java android java self-defined android java self-defined obfuscated google java java android android java android google java android java android google xml java android java self-defined obfuscated android java android android google self-defined self-defined java android android google java android xml java android xml java xml android google java android android android self-defined java javax apache self-defined java android xml java xml java android xml android google google self-defined xml java java xml apache android java android google android java android android java google java,1
malware212,self-defined android java android google java android xml java android java self-defined android java xml apache self-defined android java android self-defined self-defined java java xml java javax android xml google android xml java google java self-defined javax android java android google java android xml java android java javax xml java xml apache self-defined google android google android android android self-defined android java javax android google self-defined android android android java self-defined obfuscated java android self-defined android google java android self-defined java java self-defined android java java javax xml android android self-defined google java xml apache self-defined obfuscated obfuscated android google,1
benign166,java self-defined self-defined android java javax android self-defined google android android java android xml java java javax xml apache android xml java android java android google android android java self-defined obfuscated obfuscated apache self-defined self-defined android java javax android self-defined android self-defined java java obfuscated java javax android android java self-defined obfuscated self-defined java javax android obfuscated self-defined javax java google self-defined self-defined xml apache google java xml android java android google java java android self-defined google android self-defined google self-defined android google self-defined apache self-defined java xml java xml javax xml java android java javax xml android java android android android java android google java xml,0
malware235,self-defined obfuscated self-defined android java xml android java self-defined obfuscated self-defined obfuscated obfuscated android google java google android android java android google self-defined android java javax obfuscated self-defined android self-defined android java android google apache java android xml java javax xml self-defined android java self-defined obfuscated self-defined java android google java android google android self-defined android java self-defined android apache xml android self-defined android self-defined java android xml java xml google java java android java self-defined android xml,1
malware086,self-defined self-defined android android android android android android java self-defined obfuscated self-defined javax android java android google self-defined google android google android java android xml java xml android android java android google java android android java java android xml obfuscated android java self-defined obfuscated android self-defined self-defined self-defined android java android java self-defined obfuscated obfuscated android android apache xml java xml java apache java apache android java android google android google self-defined android java android java google apache xml android java self-defined android google android google java android android java self-defined android google android xml apache java self-defined java java java xml android android self-defined java xml apache java xml java java self-defined obfuscated android google android android java android google java xml self-defined java java java android,1
malware112,xml apache obfuscated self-defined android android android java self-defined obfuscated java javax self-defined android java android google self-defined self-defined android android xml java obfuscated java android android xml android java android self-defined android google java android android google java android android android android google xml xml java xml android google apache xml android android google javax java java android google self-defined self-defined java android xml self-defined android java java android google java android android self-defined java android android android self-defined google java android xml java android java android google android xml android java android google android java android,1
benign154,xml apache xml android android java javax android xml apache android xml android self-defined java javax java android xml java java android android self-defined self-defined apache android java self-defined obfuscated self-defined google android java self-defined obfuscated android self-defined java javax android self-defined java android self-defined java android google self-defined self-defined android java self-defined android self-defined java xml google java java android self-defined android java android self-defined java java self-defined google android java self-defined obfuscated obfuscated obfuscated obfuscated self-defined android java xml android android xml android android self-defined android java java self-defined android java android self-defined android android google,0
benign093,java java xml apache self-defined android self-defined self-defined self-defined android xml self-defined android java self-defined android java android java self-defined obfuscated xml java self-defined android google android self-defined java self-defined google xml java self-defined obfuscated obfuscated self-defined java java self-defined android java android java self-defined obfuscated self-defined apache xml java android obfuscated self-defined google java android java self-defined android android xml java xml java android self-defined java self-defined android java java xml apache java java javax self-defined android java google self-defined google android xml android xml android self-defined android android java android,0
malware165,self-defined self-defined android google android android google java android android obfuscated android android google java android google java android android android self-defined android xml android obfuscated obfuscated android self-defined obfuscated obfuscated self-defined javax java xml java xml java android xml java java android xml java xml android xml java android xml java android android java xml self-defined google android xml android obfuscated self-defined android java java xml android xml java android google java android xml apache self-defined google self-defined java android self-defined self-defined obfuscated java javax xml apache xml java android self-defined apache google,1
benign174,android xml obfuscated self-defined android google android xml apache java android xml java java javax android self-defined self-defined self-defined java self-defined java java android self-defined obfuscated javax xml android self-defined java self-defined android android java android java self-defined obfuscated self-defined self-defined android java javax java self-defined obfuscated obfuscated obfuscated java xml android android google android android android google java java self-defined google obfuscated android google java java android xml java java self-defined google self-defined self-defined google java android xml java android self-defined obfuscated google android self-defined google self-defined obfuscated self-defined android java android android android self-defined google xml apache java google java android xml java java java java android self-defined java self-defined android google java javax xml google android google self-defined android android self-defined android java android google,0
malware039,apache java java xml java android java self-defined apache xml java self-defined self-defined android javax android google android android java android google java android self-defined google java javax android self-defined self-defined obfuscated apache java android self-defined java xml java android self-defined apache java xml android javax java javax android google java android java self-defined obfuscated self-defined android self-defined java obfuscated java android self-defined self-defined self-defined java self-defined java java android xml java java java google android android java android google xml java xml android android android xml apache java javax java xml java android java android google java obfuscated obfuscated self-defined xml android java android google android android java self-defined obfuscated java android self-defined android google android java self-defined obfuscated google java self-defined java android self-defined google android java javax xml android self-defined self-defined,1
malware142,javax android java android google android google self-defined google java xml java xml apache java android google java android java android self-defined java self-defined google java android self-defined android java android google java xml java self-defined google android apache android java self-defined obfuscated java xml obfuscated self-defined self-defined java google obfuscated android android java self-defined obfuscated obfuscated android google java android xml apache self-defined self-defined obfuscated self-defined java android self-defined java android google android google java android obfuscated obfuscated java android self-defined google javax xml java javax xml apache java android java obfuscated obfuscated self-defined obfuscated self-defined java self-defined self-defined android self-defined android self-defined android java android self-defined xml java android self-defined obfuscated obfuscated self-defined self-defined self-defined javax android google java android javax android java java android android java android google android,1
malware233,android google java xml android javax java android java java java android java self-defined obfuscated java java android java javax android android java android xml java android self-defined google self-defined obfuscated java android android self-defined obfuscated obfuscated self-defined google android google java android java android xml java javax android xml android google android java android google java self-defined java java javax xml apache android android self-defined android google xml java javax android java self-defined obfuscated android self-defined google java android android java android google self-defined android apache self-defined java javax java android self-defined android java self-defined obfuscated obfuscated java self-defined google self-defined,1
benign225,java self-defined android java android java javax java javax android java self-defined java javax xml android android self-defined javax self-defined android java self-defined android android java android google android xml javax java android self-defined java android xml android self-defined java java android xml java android java android xml java android android android self-defined java self-defined android java android java javax xml apache android android xml java android java android google google android,0
malware115,java java java android java android google apache android self-defined android android google java android java android self-defined self-defined android xml java java android self-defined android android java android google java self-defined android android google java xml apache android google java android xml java xml android xml java android self-defined android obfuscated android xml self-defined javax java java android android java xml android google java,0
malware093,apache android google java android apache xml android android google android java java android android android apache android android obfuscated obfuscated android javax android self-defined apache xml android android android java android google obfuscated java self-defined java apache java android xml java self-defined android apache xml android android java self-defined obfuscated google self-defined android google java android self-defined android java self-defined obfuscated android java java xml java android java self-defined obfuscated android java android google android apache self-defined self-defined android java google self-defined android java android xml java self-defined android java android xml android java android self-defined self-defined java android java self-defined obfuscated java android xml self-defined android java java android xml android apache java java android java self-defined obfuscated java android xml java java javax java xml java javax xml xml self-defined android java,1
malware179,android android java android xml java javax google obfuscated self-defined android java java self-defined java java android java self-defined obfuscated xml obfuscated obfuscated self-defined self-defined java android google java android xml android java android java self-defined android java android google java android android java self-defined obfuscated java,1
malware248,self-defined obfuscated java android java java javax java obfuscated self-defined android java self-defined obfuscated java obfuscated javax java self-defined obfuscated obfuscated self-defined google self-defined android google android google java java android xml java self-defined java self-defined obfuscated self-defined android java android google java android xml java google android google java self-defined java android android android self-defined android self-defined obfuscated android xml java android xml self-defined self-defined self-defined obfuscated self-defined obfuscated obfuscated android java android google java android xml java android java self-defined obfuscated javax xml apache java obfuscated android google android self-defined self-defined android java google java android self-defined android self-defined google self-defined android java android xml java android,1
benign018,self-defined self-defined android java android android google java android xml java xml android java xml java android java android android android self-defined self-defined android java javax android self-defined java self-defined android java self-defined android java obfuscated android java android google android java self-defined obfuscated obfuscated javax self-defined android self-defined java self-defined java android xml java javax android java self-defined obfuscated,0
malware043,javax android self-defined obfuscated self-defined java android xml java self-defined android java javax android xml android self-defined self-defined android java self-defined google self-defined android java self-defined obfuscated obfuscated java android android google self-defined self-defined android google java android google self-defined obfuscated self-defined self-defined android java self-defined obfuscated obfuscated java android google java android xml java self-defined obfuscated self-defined obfuscated android self-defined self-defined,1
malware013,apache xml self-defined self-defined obfuscated java java android javax android java android google self-defined android java self-defined obfuscated java android xml java android java java android xml java self-defined google self-defined android java xml android obfuscated xml android java android self-defined self-defined java android xml java javax google android java android xml java android self-defined obfuscated android xml java android java android google java android apache java javax obfuscated obfuscated java android xml java android self-defined self-defined android java android android,1
benign250,android self-defined android java android java android google self-defined android java obfuscated android google android google android android java android google xml android xml java java self-defined obfuscated android android java self-defined obfuscated android google self-defined java self-defined android java android self-defined java google java apache java xml javax java xml self-defined obfuscated self-defined obfuscated google self-defined android java self-defined java android java android google android google android android self-defined google android java self-defined obfuscated android android java apache xml android javax android android xml android android google android android java self-defined obfuscated self-defined android java self-defined android java android self-defined java android google self-defined google android self-defined android self-defined java android google xml android xml apache self-defined android self-defined java android java self-defined obfuscated self-defined self-defined google java java javax android xml javax java android self-defined self-defined java xml android java android google,0
malware204,self-defined java self-defined java android xml java xml android java self-defined obfuscated android android java android self-defined android java android google self-defined android self-defined android android android java self-defined obfuscated java android java self-defined obfuscated android self-defined android java android google android google android google self-defined obfuscated obfuscated obfuscated self-defined java android xml java java self-defined android java java android xml google java javax android self-defined android google java android android java android self-defined self-defined self-defined android google android java android google javax xml android google self-defined android java android java self-defined obfuscated google java android self-defined obfuscated self-defined android google android self-defined android android java android self-defined xml android xml android android android google java java xml java android google java android android java android google java android android xml android android google java android android android java android google android google java android,1
benign131,google self-defined self-defined android java xml self-defined self-defined android java obfuscated android android java android google android self-defined self-defined android java self-defined obfuscated java java xml google android android google google self-defined android java self-defined android java self-defined android self-defined obfuscated android google java android self-defined self-defined android java xml java obfuscated java android xml java java android google self-defined google java java obfuscated self-defined android java java javax java apache android android android,0
malware030,java java android android java self-defined obfuscated android java self-defined obfuscated java android android google java android android java android google self-defined android java javax java java obfuscated android java self-defined obfuscated obfuscated java apache android java self-defined obfuscated javax java android java android java self-defined obfuscated self-defined android javax android java xml apache self-defined java java android xml java java java javax xml xml android obfuscated self-defined self-defined google android android java google android google java android self-defined obfuscated self-defined android google java android google java android android obfuscated java java android xml apache java xml android google java android self-defined android android,1
malware178,android google xml java java android xml android java android google self-defined android android java self-defined obfuscated android android google java android google self-defined obfuscated obfuscated obfuscated android java google android self-defined java android self-defined google self-defined android java android google java android android google self-defined google google android google java android android self-defined android java xml apache java java self-defined android apache obfuscated java android xml java java xml java java android xml self-defined android java android java android google android self-defined android java java self-defined self-defined obfuscated obfuscated java android google java self-defined android java java android self-defined self-defined obfuscated android android google java android java android xml java java android google java android apache java xml java,1
benign113,apache android java android google java self-defined obfuscated java xml google java java android android google java android google java self-defined google android self-defined java java java xml apache self-defined android google self-defined android self-defined obfuscated obfuscated android android java android google android google xml apache xml apache apache android java self-defined obfuscated self-defined android self-defined apache java java android xml java java self-defined android self-defined java xml apache javax xml android java self-defined android self-defined java xml android google android xml android self-defined java self-defined self-defined android java android google apache android java self-defined obfuscated obfuscated android java self-defined obfuscated self-defined self-defined java android android xml java android xml java self-defined android java java javax android android xml google xml java android self-defined android java xml self-defined obfuscated java xml google java android android java xml android java android google android self-defined android self-defined google android android android java self-defined obfuscated self-defined google android android,0
benign006,obfuscated android java android google android google android java android xml self-defined android java android java android self-defined google android xml apache java xml apache self-defined self-defined self-defined google self-defined obfuscated self-defined android java javax self-defined android java google android android java java obfuscated obfuscated self-defined google self-defined self-defined android java self-defined obfuscated obfuscated self-defined java android xml java self-defined java apache android java self-defined obfuscated self-defined android java java self-defined android java javax xml java android xml android apache android android java self-defined obfuscated javax,0
benign228,android xml java java java android android android self-defined android java obfuscated android java xml android google android self-defined apache self-defined obfuscated android self-defined google android obfuscated android java android google self-defined android java self-defined android google self-defined android java android java android google android java self-defined obfuscated android java android google self-defined java android java android google android javax self-defined android java self-defined android java google google apache android google self-defined android java self-defined java javax java javax,0
benign063,java java android xml android android self-defined java obfuscated android self-defined java javax xml google java android xml java obfuscated obfuscated android java android google self-defined google self-defined android java javax java self-defined google google java xml java android android google android google java self-defined android android google android android google java android self-defined java java javax xml java xml android java self-defined android java android self-defined android java self-defined obfuscated obfuscated self-defined google android self-defined java self-defined android java xml java android xml java xml android java self-defined obfuscated obfuscated android self-defined android java google android java android google android android xml java java java android xml java android android self-defined java self-defined android java xml self-defined android java java self-defined google javax obfuscated obfuscated xml android xml apache google,0
benign150,java javax java xml java java javax android obfuscated java self-defined android android java self-defined obfuscated self-defined android java self-defined javax xml android xml self-defined android java java xml apache xml java obfuscated java android xml java java android java android google self-defined google xml java android self-defined android java android java android google self-defined self-defined android java xml android java javax self-defined android java self-defined java android xml java java xml javax java javax apache xml java javax java google android java java android xml java java self-defined java android xml apache self-defined android java android java self-defined obfuscated self-defined self-defined self-defined android java android android javax java self-defined android android java android google android xml android java self-defined java android xml android java android java self-defined obfuscated android android android android android self-defined java self-defined self-defined obfuscated self-defined obfuscated android java android google android google java xml apache android self-defined,0
benign010,java java javax android android java android google android xml apache android java android google self-defined java self-defined self-defined obfuscated android google apache self-defined android self-defined java android xml apache java android xml java android java javax android android google java xml java java android self-defined android google self-defined android xml apache android google self-defined self-defined android java android xml java self-defined self-defined android java javax android google java self-defined android java java obfuscated android java self-defined obfuscated obfuscated java android xml java android obfuscated,0
malware200,google self-defined google android google java android self-defined google java java java android java self-defined obfuscated java self-defined java java xml java android java apache android java android self-defined apache self-defined self-defined java android xml java android java java android xml java android xml java android java android google android android apache self-defined android java self-defined obfuscated android android java self-defined obfuscated self-defined android java android xml android java android self-defined google android java self-defined self-defined java java android xml java xml android self-defined android google self-defined android java xml apache android java java self-defined java javax xml apache xml android java android self-defined java java,1
benign105,xml apache google google android android android self-defined google self-defined android xml android javax java java android java android google java xml apache xml android self-defined android java android google google self-defined android java xml self-defined obfuscated java obfuscated android java self-defined obfuscated android self-defined java java java android obfuscated java java xml self-defined android java java javax xml xml java android self-defined android java self-defined android self-defined java javax xml self-defined obfuscated java android xml java google android android google android android java self-defined java obfuscated java android xml java self-defined java java javax java self-defined obfuscated obfuscated obfuscated obfuscated obfuscated self-defined javax self-defined android java javax java javax self-defined android java javax self-defined android java self-defined java java xml android android android google java android java google self-defined android java java self-defined android java java java android xml java javax self-defined android java javax xml android javax xml android self-defined,0
malware158,android xml self-defined java javax javax android self-defined android self-defined android java java java android xml java android google java android xml apache xml java android xml java java javax android xml apache apache android self-defined android android java android java android self-defined google self-defined obfuscated java self-defined android javax java self-defined android obfuscated android java self-defined obfuscated google android java android google self-defined self-defined self-defined java android self-defined google java java javax java self-defined java obfuscated android obfuscated self-defined android java xml self-defined android java apache android java self-defined obfuscated android xml android google java android apache self-defined java xml java self-defined java apache,1
benign245,android java android google self-defined self-defined self-defined android android self-defined java java android xml obfuscated android java android google android java self-defined obfuscated obfuscated self-defined google android self-defined self-defined android java self-defined android java java javax java javax java xml javax self-defined android java self-defined google java self-defined self-defined java android xml,0
malware177,self-defined java java java self-defined self-defined self-defined java android self-defined android java self-defined obfuscated java android xml java apache android java android java self-defined google android android java self-defined obfuscated java javax google self-defined android java xml google android self-defined google android java java android self-defined google self-defined java android xml java android apache google java android java android google java android self-defined obfuscated android android obfuscated android apache android java,1
benign176,xml java javax java android xml java xml google android google google java android xml java android android android java android google android self-defined java java java android java self-defined obfuscated android android google java android java javax java java android xml java java javax java self-defined self-defined java javax android android self-defined android android android self-defined self-defined android javax java java android xml java java android google apache self-defined android java android java android google android google java javax android xml android javax java xml java javax java xml android android google android java xml android java android xml java xml java javax xml android self-defined google android java xml android android java self-defined obfuscated java java android java javax xml apache xml android javax java android google java,0
malware009,google java android xml java self-defined self-defined android java obfuscated self-defined android java java self-defined javax apache xml android google java android self-defined self-defined google android android java java android xml java android java android self-defined obfuscated google java javax xml java android self-defined java android self-defined self-defined google android java javax android java android,1
benign230,java javax android self-defined java java java android xml java javax self-defined android java javax java apache self-defined android java android google java java android xml java java java self-defined java apache android google android self-defined self-defined android java xml java xml apache java xml java java android java android xml java android google google self-defined android java apache java android google javax java java android google android android java self-defined obfuscated obfuscated android,0
benign249,apache xml apache self-defined java android self-defined android java java android xml java android self-defined java android google android java android self-defined java java self-defined google java android android xml apache android java android google java android java self-defined obfuscated obfuscated android self-defined java android xml android android self-defined java self-defined android java android xml java self-defined android self-defined android java android java self-defined obfuscated java apache self-defined self-defined java android java android google android java self-defined obfuscated self-defined android google self-defined obfuscated obfuscated self-defined android,0
benign243,java xml java javax xml obfuscated java self-defined google java javax java javax xml android apache self-defined self-defined self-defined java google java xml android java android google obfuscated self-defined android android self-defined self-defined android java self-defined android java self-defined android java android android android android java android google self-defined android self-defined java self-defined obfuscated android self-defined android java android self-defined java android java javax obfuscated java xml apache java google java javax java android java android google java xml self-defined android java java javax java java java java android xml java java self-defined java javax java self-defined android xml xml apache xml self-defined android java xml android self-defined java self-defined android android java android,0
malware159,obfuscated self-defined self-defined obfuscated java javax self-defined android java google java xml android android self-defined self-defined android java android java self-defined obfuscated java self-defined java android self-defined java android self-defined android xml java javax self-defined google java xml android google self-defined android xml java javax self-defined android java,1
malware018,android xml java android xml java xml android google self-defined obfuscated android java android google java javax xml java android self-defined android self-defined self-defined self-defined google obfuscated javax android google self-defined google android google self-defined obfuscated self-defined obfuscated self-defined javax android self-defined google android google java android java android self-defined android obfuscated android xml java self-defined google apache android xml java self-defined obfuscated java self-defined self-defined java android xml android java java android self-defined obfuscated java xml android self-defined self-defined self-defined self-defined android java java xml apache android java android self-defined google android xml apache java android java google android google java android android google java android self-defined android java android,1
benign205,java javax xml android google xml android java xml android google android self-defined java android google self-defined obfuscated android self-defined android self-defined java javax java android xml java android self-defined java self-defined google java apache android java self-defined obfuscated self-defined obfuscated self-defined google android java android google android self-defined android java xml apache self-defined android java javax java javax javax android xml self-defined android self-defined self-defined android java self-defined obfuscated javax android java android google obfuscated android xml java android apache android self-defined self-defined self-defined android java android java javax java javax android java self-defined obfuscated self-defined android java,0
benign053,android self-defined self-defined obfuscated self-defined android java self-defined android java self-defined java android self-defined java self-defined obfuscated obfuscated android javax java self-defined android java android android self-defined java self-defined android java java android java android google javax apache google android self-defined self-defined google self-defined java self-defined obfuscated self-defined java android java self-defined android java java android google android java self-defined obfuscated self-defined android java android google java javax android android self-defined java android android android java android google java self-defined android apache xml java self-defined android google android self-defined android java android google self-defined android java javax java java android xml java self-defined android java javax java javax obfuscated self-defined java java javax obfuscated obfuscated android self-defined android java java obfuscated java self-defined android java android android apache android,0
benign215,obfuscated java java obfuscated java android google obfuscated self-defined android android java android google java xml apache self-defined self-defined obfuscated google java obfuscated self-defined android android java self-defined obfuscated java self-defined self-defined android java javax java java java android self-defined java xml self-defined android java javax xml apache self-defined google android java self-defined google android xml apache java self-defined java,0
malware174,apache android java self-defined obfuscated obfuscated obfuscated android xml apache android java android google android java android google java android android self-defined java android self-defined java xml java android self-defined google android google java android google google android obfuscated java android xml android google java android java android self-defined javax google javax android java android google self-defined javax android android google java android android xml java java xml java java javax xml android xml java java,1
benign023,java java self-defined android java self-defined javax android java java obfuscated obfuscated google android self-defined java android android java android java java java xml android android google android self-defined java self-defined self-defined android self-defined google self-defined google self-defined android java self-defined obfuscated java google apache java android android apache self-defined obfuscated self-defined google self-defined xml self-defined android java javax android self-defined android java java android android google android google android self-defined android self-defined java xml apache self-defined self-defined android android google java android android self-defined self-defined google android self-defined self-defined self-defined android android google google self-defined android java android xml android java self-defined google android obfuscated android self-defined java android xml google android google java javax xml android android self-defined android java java android android java self-defined obfuscated android xml apache javax xml android android self-defined android java self-defined self-defined java java google android self-defined java java android xml java java java,0
malware128,google android self-defined android java xml self-defined android java java java android xml java java android xml java android xml java android self-defined self-defined android java android google java android android google java android xml java java java android xml java self-defined java android java self-defined obfuscated self-defined android java java xml java javax android android google java android java xml java android xml java xml android android java self-defined obfuscated obfuscated android android google self-defined obfuscated obfuscated java android,1
malware147,self-defined self-defined android xml android java self-defined android java android google java android android java android google javax java self-defined self-defined android java javax android google self-defined android java android google java android xml java obfuscated android android java java android java android google java self-defined google android xml android java android google android java javax xml android android google android java java android xml java android android google google android java self-defined android obfuscated java java android xml java java google android,1
malware180,java self-defined google java self-defined android java java xml java javax android android java self-defined obfuscated java javax android google java xml google android java android google java android google java android java xml java android self-defined android java self-defined obfuscated android java android java android google android android java android java self-defined obfuscated java android xml java android xml java android javax java android self-defined,1
malware108,self-defined self-defined self-defined google self-defined obfuscated obfuscated self-defined google android google android apache xml apache java self-defined java xml java android xml java android xml google java xml apache self-defined self-defined obfuscated android google java android java java android xml java javax xml java javax android self-defined self-defined android xml apache java java android android google java android android android google java android xml java android google java android android java android google java android self-defined obfuscated obfuscated self-defined self-defined google android java javax java obfuscated android android java android google java xml java google obfuscated obfuscated javax xml android self-defined google android google java android google java android self-defined java javax java android java self-defined google xml android google java android self-defined java javax obfuscated android java xml java java javax java google self-defined google self-defined android java self-defined obfuscated obfuscated java self-defined java self-defined,1
malware240,apache self-defined obfuscated java android android java android google android java android google google java java android xml java self-defined java java java xml java self-defined android xml android java android self-defined android java android google android java android google java self-defined android java xml apache android google android self-defined android google java android java xml google self-defined android java self-defined google android java android google self-defined java self-defined android java xml java javax java self-defined google android java java android self-defined java,1
malware148,obfuscated java android xml java google self-defined android google java android java android xml java java xml apache android java android self-defined android java java google java android google self-defined android java android android java self-defined obfuscated google java java android java self-defined obfuscated android google android java android google android google self-defined obfuscated java android google java android java javax java javax android java android self-defined java android self-defined java google self-defined android xml apache java xml xml java xml apache javax,1
malware057,android self-defined java android self-defined android java self-defined obfuscated android java android google android xml apache xml apache android xml android self-defined java java java android self-defined obfuscated obfuscated obfuscated obfuscated obfuscated apache xml java java android java java xml android self-defined self-defined obfuscated obfuscated java self-defined java android self-defined obfuscated obfuscated android java self-defined obfuscated java xml apache google self-defined google java android java android google android self-defined google java self-defined android java obfuscated android android android java android xml java self-defined android google android xml android java android google android google java android android java android self-defined android google java java java javax java java android self-defined obfuscated android google java java android self-defined google android self-defined java obfuscated android java android xml java android android android xml apache,1
malware156,self-defined android java javax android google javax java android java self-defined obfuscated obfuscated android java android google java java xml android java self-defined android java xml android google java android java java self-defined android java android self-defined android java java android xml obfuscated android obfuscated self-defined apache self-defined google android android java self-defined obfuscated obfuscated java self-defined google self-defined obfuscated java android self-defined android xml apache android java xml android google java java android self-defined android google java android xml android google android java android self-defined google self-defined obfuscated java self-defined android self-defined self-defined self-defined obfuscated obfuscated xml apache xml android google self-defined android java self-defined android self-defined self-defined obfuscated obfuscated android self-defined obfuscated,1
benign094,android self-defined java self-defined apache java javax android java android google java javax xml java android android java android google self-defined android java javax android java android xml java xml google java javax android xml android google java android android google java java android google self-defined android java java android android google android self-defined java java java android xml java xml self-defined android java java self-defined self-defined self-defined android java android java javax self-defined google java android xml java java self-defined self-defined java self-defined self-defined google java java android android self-defined android java android java self-defined obfuscated,0
benign248,java android self-defined self-defined java java android xml java javax android google android android android java self-defined obfuscated self-defined google self-defined android obfuscated javax xml apache java java xml android javax self-defined android java java android xml java android google android java android google android self-defined android javax self-defined android java self-defined self-defined android android android google android java java android xml java android self-defined java android xml apache android self-defined java xml java self-defined android java self-defined google android self-defined java self-defined obfuscated obfuscated obfuscated self-defined google self-defined google android self-defined obfuscated self-defined android java self-defined android android android self-defined java android javax java android google java self-defined android java android android self-defined android xml android java android,0
malware049,xml apache android android xml android java self-defined obfuscated self-defined google java xml javax apache java javax java java android java self-defined obfuscated java android self-defined java android java android xml java java android xml java java android self-defined android java android android self-defined self-defined android obfuscated android java self-defined self-defined google android google java self-defined android java google java android xml java java javax java self-defined android google java self-defined java self-defined android java javax xml self-defined self-defined java java android self-defined self-defined android java android google android java google android java android google java android xml java android google apache java java java android java android google android javax xml java self-defined java android self-defined android google self-defined obfuscated self-defined java java android google java android google android java android google self-defined google xml apache xml java android google java android java javax google java android java,1
benign135,android xml apache android java self-defined obfuscated android java android google java xml google android self-defined obfuscated self-defined android java android google java self-defined google java java android google self-defined self-defined android java java android google javax apache java self-defined android java android google android self-defined android obfuscated android self-defined android java android java self-defined obfuscated obfuscated android self-defined java self-defined google self-defined obfuscated obfuscated android self-defined android java android obfuscated java self-defined java self-defined android java android android xml java self-defined android java xml android java android google apache self-defined android java javax android google android self-defined android java obfuscated android xml google self-defined obfuscated google android java self-defined android java self-defined obfuscated android java xml java android self-defined android java android google java self-defined google android google self-defined android android java self-defined apache self-defined self-defined java self-defined android java android android xml android java self-defined obfuscated java android xml java android,0
benign199,self-defined obfuscated obfuscated self-defined java android xml java self-defined obfuscated self-defined android java xml apache android google java android self-defined android android java android google java android xml java android java android google android google self-defined java javax android self-defined android java apache self-defined self-defined google java self-defined android java self-defined android java xml android self-defined java self-defined obfuscated xml android apache android self-defined android google apache android self-defined java xml google self-defined,0
benign192,android android java android google self-defined self-defined java java android xml java java android xml java self-defined java android xml java android google android java java xml java android java self-defined obfuscated java javax java java android xml apache android android android android xml self-defined google apache android java android google obfuscated java,0
malware015,self-defined self-defined google self-defined obfuscated java java android self-defined obfuscated android google java android obfuscated android xml apache android java google self-defined java javax android java java android xml self-defined android java xml apache self-defined java android javax android xml apache javax android google android self-defined android java self-defined android java xml java java android self-defined java android xml java javax xml android self-defined java xml java android google java java android xml java android google java android java android xml java android java self-defined obfuscated obfuscated java android java self-defined obfuscated self-defined java self-defined self-defined java google java java android xml java android self-defined self-defined self-defined android java android android google self-defined java javax self-defined self-defined obfuscated self-defined android java android google android android java android self-defined android google android java android self-defined self-defined android xml android,1
malware106,android xml google android android android apache obfuscated java java android android android java android java android google obfuscated android self-defined obfuscated android android self-defined java android self-defined google android self-defined self-defined obfuscated xml apache java self-defined self-defined android java javax android android google google android java self-defined obfuscated java android xml java apache android java android google java java self-defined android java android android self-defined android java android self-defined android xml apache javax self-defined android java self-defined java xml apache xml apache android google android google java android self-defined android java android google android xml android google java android,1
malware155,apache self-defined java java xml java javax xml android self-defined android android xml google java javax xml android self-defined android google java android java java self-defined google android xml java android self-defined google self-defined android java self-defined android java self-defined obfuscated obfuscated self-defined java xml android,1
benign015,obfuscated java self-defined java self-defined self-defined android self-defined android java self-defined self-defined javax xml android java self-defined java javax java self-defined android java android java java android java self-defined obfuscated java xml javax xml android java android google self-defined android google self-defined self-defined obfuscated android android java android xml java android java android google xml android self-defined google google self-defined obfuscated obfuscated android android self-defined java android java android google google android android java javax android android android self-defined android google java android java android google xml apache self-defined obfuscated self-defined android java self-defined google android java self-defined,0
benign178,self-defined obfuscated android self-defined java google java android java xml google android self-defined java self-defined java google android self-defined java javax java android xml java xml google java java apache self-defined self-defined android java java android google self-defined google obfuscated android java google android java self-defined obfuscated apache java android google android javax javax android obfuscated android java self-defined android java self-defined obfuscated google android java android google android self-defined java android xml java xml android google java android java self-defined obfuscated android android google java android xml java xml java xml java android xml java javax java self-defined android java android java self-defined obfuscated obfuscated apache java xml android self-defined android java obfuscated java xml android xml self-defined xml java self-defined self-defined self-defined java java self-defined self-defined java self-defined self-defined self-defined android java self-defined java android xml java android java android,0
benign226,self-defined java javax java java self-defined google android java self-defined obfuscated self-defined android google self-defined java javax android google google xml apache java android google android java self-defined obfuscated android android java android google obfuscated obfuscated self-defined java xml apache javax android self-defined self-defined android java java java android java xml java android google self-defined java android self-defined android java self-defined google android java xml,0
benign185,self-defined android self-defined android xml android java self-defined java android java android google android android java android google self-defined java android java android google self-defined android self-defined android self-defined obfuscated google self-defined self-defined self-defined android java java android google self-defined android self-defined android java xml android xml android self-defined android java java java java self-defined android self-defined java google java java android self-defined android java self-defined obfuscated java android xml java apache android self-defined java android java android google java self-defined obfuscated xml java xml self-defined android java java android xml java self-defined obfuscated android self-defined java java android javax java android xml java java android java android xml java,0
benign101,java self-defined obfuscated obfuscated java java android java self-defined android java java android xml java xml android self-defined android java android self-defined java android xml java android android java android xml java self-defined android android self-defined android java java javax javax android android apache xml apache java java android xml java javax java android xml java android self-defined java self-defined google javax java java android xml java android xml android google javax java self-defined android java android xml java self-defined self-defined obfuscated android java android xml java javax xml android xml apache xml android self-defined java xml apache xml apache javax,0
malware130,self-defined android java java javax android google self-defined obfuscated google java obfuscated java android apache xml google self-defined google self-defined java android self-defined google self-defined obfuscated obfuscated apache java java xml self-defined android java javax java android java android google java java android self-defined google android xml self-defined self-defined obfuscated self-defined android java javax xml xml android xml android java self-defined obfuscated java android self-defined java xml self-defined java java android java xml android self-defined android java self-defined obfuscated android google self-defined self-defined obfuscated self-defined android google android xml android apache self-defined android java obfuscated android google java android google java android java android self-defined javax self-defined android java javax xml self-defined google java apache,1
malware109,android android self-defined java android android xml apache xml apache android java self-defined obfuscated javax self-defined xml android android java android google android java android google google self-defined android obfuscated obfuscated obfuscated java xml google java self-defined self-defined android apache self-defined java javax android self-defined self-defined java java android self-defined obfuscated android android android java self-defined obfuscated android self-defined android java android google self-defined android self-defined self-defined obfuscated javax xml apache self-defined java xml self-defined android java java android self-defined android java self-defined obfuscated java self-defined java google android javax java xml apache android google java android android android xml java self-defined xml obfuscated java self-defined obfuscated self-defined android self-defined self-defined obfuscated obfuscated java android self-defined google android google java android self-defined apache java self-defined android google self-defined java android xml java xml java java android java android google java self-defined android,1
benign037,google self-defined android google java java android android java android xml java java javax android android android java android xml java self-defined self-defined android self-defined obfuscated android java google self-defined xml android self-defined obfuscated google javax javax xml android java android google self-defined java xml android android android java android google self-defined android java android google java android java xml apache google java javax self-defined java android xml java self-defined xml android self-defined obfuscated,0
malware201,self-defined obfuscated java android xml android self-defined self-defined android java self-defined java apache self-defined android apache xml android self-defined google java android self-defined android self-defined self-defined obfuscated java android android google java android xml java self-defined java android java android google android google android java self-defined obfuscated self-defined obfuscated java java android google java android self-defined java self-defined javax xml apache self-defined android java android java android google google javax java android self-defined google self-defined self-defined google android apache obfuscated obfuscated xml java google android android java android google java java java android java android google android android self-defined google android self-defined self-defined self-defined java xml android java android google self-defined google android self-defined obfuscated,1
malware113,android java android self-defined android self-defined android java java java android self-defined android java self-defined android java android google self-defined android xml java obfuscated android self-defined self-defined java android self-defined self-defined xml javax apache xml java android self-defined java java android xml java android android google java android self-defined self-defined obfuscated obfuscated obfuscated java android self-defined obfuscated java android self-defined self-defined android java self-defined google java self-defined android self-defined android android android xml android android android self-defined obfuscated java self-defined java self-defined google java android java self-defined obfuscated obfuscated obfuscated obfuscated java xml java android java android google android xml xml self-defined android self-defined android java android java self-defined self-defined java javax android self-defined,1
benign028,obfuscated javax xml java android apache obfuscated java java xml xml apache android javax java xml android java android google self-defined android java javax java java java android xml java java javax self-defined android javax android java android google self-defined android java obfuscated java android xml java javax xml self-defined android android java self-defined obfuscated self-defined javax android java android google self-defined android java self-defined self-defined self-defined self-defined google self-defined xml apache android google java google self-defined android java javax java self-defined java android java android google java xml android java google android java self-defined obfuscated self-defined self-defined android java xml java xml,0
malware223,google java android android self-defined google android android google android obfuscated android self-defined google android google android android java android google self-defined obfuscated java android android java android google self-defined android google java android self-defined apache java apache android java android google java android android google java android java android xml java android android,1
malware024,android xml android google java android self-defined java android java self-defined obfuscated java android xml java android java self-defined obfuscated obfuscated obfuscated xml apache android java android self-defined android java xml javax android google android self-defined java java self-defined obfuscated self-defined self-defined java self-defined android google java android self-defined obfuscated obfuscated apache apache xml java android xml java javax android xml android xml apache android java android google google xml android java android google android java self-defined obfuscated obfuscated self-defined self-defined google java,1
malware219,google java self-defined obfuscated obfuscated java self-defined android xml android android android android java android google self-defined android java self-defined obfuscated android xml java apache android javax self-defined android java xml java android java self-defined android java self-defined obfuscated self-defined java android java android xml java android google self-defined javax android xml apache xml java android android android java android google java java android apache java android xml java xml android google android google android self-defined obfuscated android google java xml android apache self-defined android obfuscated android google java android java javax xml java android xml java xml self-defined android java javax java xml java android self-defined java android self-defined self-defined google self-defined android google google android android javax xml android android android google self-defined self-defined obfuscated google java java javax java java android,1
benign020,self-defined java javax android self-defined google android self-defined android java apache self-defined android java android obfuscated android java android google google self-defined self-defined android java google self-defined android android java android google self-defined android self-defined java self-defined android self-defined self-defined android java java self-defined self-defined android java javax xml obfuscated self-defined java obfuscated android java self-defined obfuscated apache android google obfuscated android java java apache self-defined obfuscated obfuscated android java self-defined obfuscated self-defined android java android google self-defined android java android xml java javax java android android java android android android,0
benign046,google self-defined self-defined java android java self-defined obfuscated android java android google android java java android xml java java java self-defined java java android self-defined java apache java xml java javax java self-defined android java xml apache xml java self-defined google android self-defined java xml apache obfuscated obfuscated java xml google android java self-defined obfuscated java google android google android java android google self-defined java java xml apache xml android java android self-defined java android xml self-defined android java self-defined obfuscated java android google java android google self-defined android java android google java apache xml apache java xml apache self-defined android java obfuscated android java android google android self-defined google self-defined self-defined google android java apache android java google android self-defined java apache self-defined android google,0
benign234,java java android android self-defined java xml android java android google self-defined google google android google java javax android java self-defined obfuscated self-defined android self-defined java android android java android xml java google android java android google javax android self-defined java java self-defined android java self-defined obfuscated self-defined android java self-defined self-defined self-defined android java java android self-defined java self-defined android xml android java android java self-defined obfuscated android google self-defined google self-defined android java android google java javax android self-defined android java android android self-defined android java android,0
malware069,self-defined google self-defined self-defined self-defined android java java java javax xml java java android java android self-defined android xml self-defined java android xml java apache self-defined java self-defined java self-defined android self-defined android java xml android java self-defined google android android java android google xml java android obfuscated android xml android google java android google self-defined obfuscated obfuscated xml android android android java android google self-defined google android google android android java android xml java javax java javax android self-defined self-defined android xml android google java android android java android self-defined obfuscated self-defined android xml android google android android java android google android java android google self-defined android java android,1
benign079,java self-defined android java java javax android android android java android google java android self-defined java javax xml android xml google self-defined self-defined google google self-defined android java javax self-defined android android android java android xml java apache android google self-defined android google android android javax java javax android self-defined java xml android java self-defined android self-defined android java xml java android java self-defined obfuscated android self-defined android obfuscated self-defined google self-defined android java obfuscated,0
malware066,google java android java java xml java javax xml android self-defined obfuscated google java xml apache java xml xml apache xml self-defined java android self-defined java obfuscated android java android google java android self-defined self-defined obfuscated obfuscated java android java self-defined obfuscated obfuscated java android java self-defined obfuscated java javax obfuscated self-defined self-defined android java self-defined obfuscated android self-defined android google java android java android self-defined google google android self-defined android java android google self-defined android java javax java android android xml android google java java self-defined android google java android android self-defined self-defined self-defined android java javax android self-defined android google android android google android xml android xml android self-defined apache self-defined self-defined java java xml android javax android java android google java android javax java android xml java xml android google java android xml android android android java android google,1
benign013,android java android google self-defined java android self-defined google self-defined android java self-defined self-defined android java self-defined self-defined google self-defined self-defined android java self-defined android java self-defined android java java javax android xml self-defined android java android google java apache self-defined android java android google self-defined android java java android java android google javax xml java android xml java javax xml self-defined android java self-defined android java self-defined self-defined android java xml java java android xml java android google android google self-defined java android android android self-defined android self-defined android java self-defined java android xml android xml android google self-defined self-defined obfuscated java self-defined google java self-defined javax android self-defined java java java android xml java google android java android google android xml java java java android xml java self-defined google self-defined java self-defined self-defined self-defined self-defined obfuscated android java,0
malware242,java self-defined self-defined android java self-defined xml android android self-defined google self-defined java android self-defined android google java android google java self-defined self-defined android xml xml android self-defined google xml self-defined android google java java javax java java java android xml java obfuscated obfuscated self-defined android java android xml java xml apache self-defined self-defined xml android obfuscated obfuscated android android google self-defined android java self-defined obfuscated android android self-defined android java java java self-defined android java self-defined obfuscated obfuscated java android self-defined self-defined java java android xml java java android android java android java android,1
benign214,self-defined apache android android xml self-defined android java self-defined android google self-defined android google apache android xml obfuscated obfuscated android google obfuscated obfuscated self-defined android java android self-defined java self-defined android android android self-defined android java java android self-defined android android java android android android java android xml java java obfuscated android java self-defined obfuscated java javax xml android android google java javax android self-defined android java xml java xml apache self-defined android java android android self-defined android android java android xml java java self-defined self-defined android java java self-defined self-defined android self-defined java self-defined android java javax java android xml java android self-defined self-defined android java xml android xml java self-defined self-defined android self-defined java apache xml android self-defined android java apache java self-defined android java java apache xml xml android xml android java android google self-defined self-defined self-defined android self-defined android java,0
benign008,java android google java android google android xml google self-defined android java android google self-defined java android xml java javax javax xml self-defined self-defined google android google java java javax android android self-defined self-defined android java java android xml android self-defined java self-defined self-defined self-defined android java android java android self-defined android java javax java android,0
malware073,apache java xml android java android xml java google java android xml java self-defined obfuscated android android java android self-defined android java android google android java android google java android xml javax java java xml self-defined android java xml java android self-defined android java self-defined obfuscated self-defined java android xml apache java apache google android self-defined android java android google java java google self-defined android self-defined android java google android google java xml android java self-defined android java android android android self-defined android java xml java java android xml apache java self-defined android android android google java android self-defined java android google android java self-defined obfuscated android google java android google java javax android android google xml android xml java self-defined self-defined google java java java android self-defined android java self-defined obfuscated android google android java xml android java self-defined android java xml java java android java self-defined obfuscated javax apache android java android google java android,1
malware228,java javax xml apache android google java android self-defined java self-defined android obfuscated self-defined java android java self-defined obfuscated obfuscated java self-defined android java android google android android self-defined self-defined obfuscated android java self-defined obfuscated android android java android java self-defined obfuscated java javax android xml java xml android self-defined android xml java android google java android google java android xml java android java java android self-defined google java java android xml java xml android android android android google android google java android self-defined google android,1
benign084,xml android self-defined self-defined android java java java java xml java android google java android java android google javax android self-defined java xml java android java java self-defined obfuscated javax self-defined android java java java javax javax java xml apache java self-defined android java android google self-defined android java java javax java java android java self-defined obfuscated java self-defined obfuscated obfuscated java xml apache google java javax java android java android google self-defined android android java self-defined obfuscated self-defined google self-defined google java android google android android google java self-defined android android self-defined android java xml google android java self-defined obfuscated android android android android xml android google android java xml self-defined android java google apache self-defined obfuscated android java self-defined java android self-defined android java self-defined android android xml apache self-defined android self-defined java javax android java self-defined obfuscated self-defined android self-defined android java self-defined android java javax xml java java android java xml android google android self-defined,0
malware072,apache self-defined android android java android google android google self-defined android apache xml java self-defined java android self-defined apache java java self-defined google java android xml java java android self-defined java android xml java self-defined android java android android java xml apache java java android xml java javax xml java self-defined android java obfuscated obfuscated java obfuscated android java android self-defined java android javax android self-defined java javax android apache self-defined javax android android self-defined obfuscated android google android google java android android java google obfuscated android self-defined android java java android self-defined,1
benign055,xml apache self-defined android java javax java javax java obfuscated obfuscated android android xml android java self-defined obfuscated android java self-defined obfuscated java self-defined self-defined java java javax android self-defined obfuscated android self-defined java android java android java android google google java android apache xml android google android self-defined,1
benign081,android xml apache android java android google java self-defined android java android google self-defined android java xml xml android java self-defined obfuscated self-defined google google java android self-defined android java self-defined obfuscated self-defined android java android java self-defined obfuscated self-defined google self-defined self-defined android java self-defined android self-defined java javax android java self-defined self-defined android java android xml java android java self-defined obfuscated android java android google java android java android google android self-defined xml android android android java android google obfuscated obfuscated apache android google java self-defined android java xml android self-defined android java self-defined obfuscated self-defined android android self-defined android java xml apache self-defined java javax java javax javax xml android self-defined android java android java android google java android google android java javax android android java obfuscated,0
malware041,android java obfuscated android self-defined apache android google java android java javax android google android google java android google android google java javax self-defined android java android android google java android self-defined obfuscated java self-defined android java apache xml android java java android java java google java android self-defined java java android java self-defined obfuscated android xml java android xml java java java android self-defined obfuscated self-defined obfuscated android google java xml self-defined google android,1
benign202,self-defined google android java android google google self-defined android java javax google android java java java android xml java java java self-defined java android java android google self-defined android google android java self-defined obfuscated self-defined google android javax xml java xml apache self-defined self-defined android java xml apache self-defined android java java xml java self-defined android android xml apache java xml android java xml apache xml android google android google android xml self-defined android java android google self-defined javax java google self-defined self-defined self-defined java javax android self-defined java javax xml android google android android android java android android self-defined java java android java self-defined obfuscated obfuscated android,1
benign060,android google android self-defined javax javax java javax java android java android google java javax xml android android self-defined self-defined android java obfuscated android java android java self-defined obfuscated self-defined javax self-defined java java android self-defined android java java android xml java android self-defined java xml java android xml java javax xml java xml java android xml java xml java javax android android google self-defined java self-defined android javax,1
benign057,google java android xml java xml javax android java self-defined obfuscated android self-defined java self-defined self-defined android java android self-defined java java android android java android google java java javax xml java xml self-defined java xml android java xml self-defined android android google self-defined obfuscated java java self-defined xml java obfuscated java self-defined google java android self-defined java android java android java self-defined xml apache android java java self-defined android,0
malware077,android android self-defined obfuscated java self-defined android java self-defined obfuscated java android google android xml apache obfuscated android google java android google android android java android google android java android google self-defined google self-defined obfuscated self-defined google javax android google android android google java android xml google java java javax java android java android google java xml apache google self-defined android java self-defined obfuscated android self-defined self-defined android java self-defined obfuscated self-defined android android java android google self-defined self-defined self-defined android android google java android javax java self-defined android java android self-defined self-defined android java self-defined obfuscated obfuscated java,1
benign229,google java android self-defined java xml android xml android google android javax xml self-defined android java javax android javax java xml android java self-defined obfuscated android google java javax java javax xml google android xml java android java android google android java self-defined obfuscated android android android self-defined android self-defined java javax xml javax apache self-defined obfuscated android javax xml java android xml java android java android java java android xml java self-defined android self-defined android java xml self-defined self-defined obfuscated android java self-defined obfuscated java java android xml java java self-defined google android self-defined android self-defined android java javax xml java android xml java self-defined android java javax self-defined android java javax java self-defined self-defined java java java java android java xml apache java java android google android java self-defined obfuscated self-defined google android java android google android self-defined java android java self-defined obfuscated java javax obfuscated java android,0
malware051,obfuscated obfuscated android self-defined javax java android java java android xml java java javax java java java android xml android android android android java javax google android google java android xml java android xml java self-defined self-defined google android self-defined self-defined obfuscated self-defined android java android android self-defined google android android java android google xml java obfuscated java xml android self-defined google self-defined self-defined android java java android xml java java android java android xml java google javax android java android xml java self-defined java android java android google java java self-defined java android xml java javax self-defined android java self-defined android java self-defined self-defined self-defined android android self-defined self-defined google android java obfuscated java self-defined google android java javax android self-defined google android xml javax java java android self-defined google android android google java android android google java android xml,1
benign003,java android java self-defined obfuscated android google java android self-defined java xml android android java android google self-defined google self-defined google java google android android android self-defined obfuscated self-defined java xml android java android google java android java android self-defined google java xml apache self-defined obfuscated java android java self-defined obfuscated android java android xml java self-defined android self-defined java java xml apache self-defined android android xml apache self-defined android java android android java android java android google obfuscated self-defined apache self-defined android java google java self-defined self-defined self-defined google javax android self-defined self-defined java self-defined android java android self-defined java self-defined xml self-defined android java google java javax android android xml google self-defined android java android android self-defined google self-defined android xml self-defined obfuscated,0
benign200,javax android self-defined self-defined android java android android java android android self-defined obfuscated java android self-defined java android google google java android xml java self-defined android android self-defined android google apache self-defined google android android xml obfuscated self-defined self-defined self-defined java javax google self-defined google google android android google android android self-defined google self-defined android android self-defined android java android android java android xml java javax xml apache xml java javax android java xml android android java self-defined obfuscated android java,0
benign237,google android android self-defined android java javax xml java javax xml android android google self-defined java self-defined android java android google obfuscated obfuscated android java android google android java android google self-defined obfuscated java android self-defined java android google java xml android self-defined java java xml java java android self-defined google self-defined obfuscated,0
malware032,java javax self-defined self-defined self-defined google self-defined self-defined java javax google xml android xml java self-defined apache self-defined self-defined java android java android self-defined obfuscated self-defined self-defined android java android google self-defined google android xml java java xml android javax java java self-defined java android google java android android java android google java android xml java javax java android self-defined self-defined android java android java android google android java android google self-defined self-defined android java self-defined obfuscated obfuscated java self-defined android java self-defined obfuscated java java java self-defined obfuscated self-defined self-defined android google java android java self-defined google java xml android android android google java android self-defined self-defined google android java android google self-defined apache java android java javax self-defined obfuscated android google self-defined self-defined android android google java android google java xml apache xml java xml java java android self-defined android self-defined java javax xml java java javax xml java,1
malware129,google java android java android google obfuscated java java android google java android java javax java android xml java javax java self-defined self-defined java self-defined google android google android java android java android google self-defined self-defined xml android apache xml google java self-defined android java self-defined obfuscated self-defined google java android google android java android google android java android,1
benign026,android java google self-defined java android java xml apache google self-defined android java xml android self-defined java xml android self-defined java java javax obfuscated java android xml java android android java google android java android xml java java google self-defined android self-defined java javax self-defined android java javax java xml java apache java self-defined android java google java self-defined self-defined java self-defined obfuscated self-defined google java java self-defined google apache java android xml java android apache android java self-defined java android java self-defined obfuscated obfuscated android java android,0
malware187,java android java self-defined obfuscated obfuscated google self-defined apache self-defined obfuscated android java android self-defined google android java android self-defined java java java android java self-defined obfuscated java android google android java android self-defined java xml android apache android java android google android self-defined java android xml java java android self-defined google self-defined android java java self-defined java android self-defined java java android google self-defined android java android self-defined self-defined java xml android google java android self-defined android android javax android self-defined android xml java self-defined java java javax xml android google java android android android android java java google android java android xml apache self-defined android java javax self-defined,1
benign123,android self-defined obfuscated java self-defined android java xml apache android java android google android apache android android java self-defined java android google java self-defined android android java self-defined obfuscated obfuscated obfuscated obfuscated apache self-defined java self-defined javax android google java google self-defined android android android xml android xml java,0
malware222,android xml android android self-defined google java android self-defined self-defined android obfuscated android xml apache self-defined obfuscated obfuscated android google java android android obfuscated java android self-defined self-defined obfuscated self-defined android java xml apache java android obfuscated java android xml java self-defined android java google java android xml java android java android google android java self-defined obfuscated self-defined google self-defined google apache android java android google self-defined android self-defined obfuscated android apache android java self-defined obfuscated apache java google self-defined android android google java self-defined android java self-defined obfuscated android obfuscated android google google self-defined self-defined android javax android xml java xml java java xml obfuscated java android java android google java java self-defined java android self-defined android apache self-defined java android android google java java xml java java xml apache,1
malware104,google self-defined google java java android java java java android java self-defined android java java javax java android android android self-defined java self-defined android java android xml android java android self-defined android xml android self-defined obfuscated android java android google android google java android android java self-defined android google self-defined android self-defined self-defined google java javax self-defined self-defined android android self-defined self-defined java android self-defined obfuscated self-defined obfuscated android android self-defined java self-defined google android android google javax xml apache javax xml java java android google java android google android self-defined google java xml apache self-defined java google java android self-defined android android google java android javax android java android self-defined java xml android self-defined android self-defined java,1
malware144,android self-defined android apache android xml apache xml self-defined java self-defined xml android java self-defined obfuscated java android self-defined obfuscated obfuscated android xml java android self-defined android java android xml android self-defined self-defined apache self-defined android self-defined google java android google java android google java android java self-defined obfuscated android self-defined self-defined java javax java self-defined xml apache xml android xml apache java android self-defined java self-defined android google java android java java java java android xml java self-defined android java javax java self-defined android,1
benign197,self-defined self-defined java android self-defined google self-defined google android xml android java android xml java android xml android self-defined self-defined obfuscated java xml android self-defined java android java self-defined obfuscated self-defined xml android android android android self-defined java self-defined android java java self-defined android java android,0
benign071,java java apache android android java self-defined obfuscated java android xml java android google java android java self-defined android self-defined java xml apache java javax google self-defined google android xml android android java android google java android xml java javax xml android java android google android android self-defined android java android google java android android apache java google java android java javax apache java xml self-defined android java java android java self-defined obfuscated android self-defined android java android xml java java android xml java java self-defined java self-defined android java javax java xml self-defined android java javax java android self-defined self-defined self-defined obfuscated obfuscated self-defined google java self-defined android java self-defined obfuscated obfuscated obfuscated javax android,0
benign141,apache android self-defined java android xml java javax xml apache java android self-defined android java xml self-defined android java java java self-defined javax self-defined android java java self-defined android java java android xml java java android xml java self-defined javax obfuscated apache java xml java javax xml android,0
benign220,google android java android google android self-defined xml java self-defined android java android google java google self-defined apache java android xml java javax java self-defined obfuscated obfuscated obfuscated self-defined java android xml java android self-defined java android xml java java self-defined android java android xml java android java self-defined obfuscated android java android google self-defined google android self-defined java xml obfuscated android self-defined java javax google self-defined android java android java self-defined obfuscated obfuscated android android self-defined android java xml apache android java android google android java java javax android java self-defined obfuscated android google self-defined java android,0
malware055,self-defined java javax android java android google android java self-defined obfuscated android google java java android google java android java android xml java android java android xml java java self-defined obfuscated android apache java java android self-defined google java self-defined android java android java android google android self-defined google java java android self-defined java android java android google self-defined java java obfuscated java android xml java java javax java javax android java self-defined obfuscated java java android self-defined android java android google java android google android google self-defined java android android obfuscated obfuscated obfuscated self-defined self-defined android xml xml android google self-defined android android obfuscated java xml java android self-defined self-defined xml self-defined android java android xml android xml android google java android self-defined javax android xml java google self-defined java self-defined self-defined self-defined self-defined android google java android android google java android xml java android self-defined obfuscated,1
benign129,google self-defined android xml self-defined android java android google java android android java java java self-defined android java obfuscated android java android google android apache xml java java android android self-defined xml android java self-defined android java android google java java self-defined android java self-defined google android java javax java android java android google android java self-defined obfuscated android java xml java android self-defined java android java java android java android java android xml java xml apache self-defined java android self-defined android self-defined java self-defined android java android obfuscated self-defined android java self-defined google android java self-defined obfuscated android xml android self-defined android java java xml apache self-defined java android java android xml java self-defined android self-defined android self-defined android java android google android java self-defined obfuscated,0
malware166,xml apache android android xml self-defined self-defined android java java android xml java android java android xml java java android xml java android self-defined self-defined self-defined java android java android self-defined google android java android google java google android java self-defined obfuscated android java java android java android android java android self-defined self-defined android java android obfuscated google self-defined android javax self-defined android java xml java android xml java java apache android java self-defined obfuscated obfuscated java self-defined android java java android self-defined google android android java self-defined obfuscated android java java xml xml android self-defined android java self-defined obfuscated obfuscated self-defined self-defined android java android java self-defined obfuscated java javax android google self-defined self-defined apache xml java android obfuscated self-defined java javax android google java android obfuscated java apache java java android xml java android java self-defined obfuscated java self-defined java xml java self-defined self-defined java,1
malware185,java self-defined java java android java android google android self-defined self-defined java android android java xml android android xml apache self-defined obfuscated obfuscated android java android self-defined google java android xml java javax google android self-defined java java self-defined android javax java java java javax android google java android android java android self-defined apache android self-defined javax self-defined self-defined android android xml android android google android xml java android java self-defined obfuscated self-defined javax android xml java android java android self-defined obfuscated java android self-defined xml java xml apache google java apache java android self-defined google android java self-defined google android java android google android java android xml java google android java android java self-defined obfuscated obfuscated android java android xml java java android xml java apache java javax xml java javax xml javax self-defined android,1
benign184,self-defined google javax java javax android android android google java xml android xml apache self-defined android java android xml android android java self-defined obfuscated self-defined android self-defined java java self-defined google xml apache java android self-defined java android java self-defined obfuscated android google android java javax android android self-defined java android android self-defined java java java android self-defined android java xml java,0
malware122,self-defined android self-defined obfuscated self-defined google xml java xml android self-defined android google java android google self-defined google java android java obfuscated android google java android apache self-defined android java google java self-defined self-defined android java android java android google self-defined java android xml java javax obfuscated obfuscated javax android java android google java self-defined android java self-defined obfuscated obfuscated self-defined android java javax android javax xml java android xml java android java android self-defined obfuscated java android self-defined self-defined google android java,1
benign193,xml java android java java javax android xml android google android android google java google java self-defined android java java java self-defined obfuscated xml android self-defined self-defined java android xml java java android apache xml self-defined obfuscated android java self-defined obfuscated obfuscated obfuscated obfuscated java android android xml apache xml java javax,0
malware192,javax xml android self-defined java android java android xml obfuscated obfuscated obfuscated xml android java android android google java android android android java xml apache self-defined android java xml java android google java android java android google java android android android android self-defined java self-defined android android google java javax obfuscated obfuscated java android android java self-defined obfuscated android google self-defined java javax xml android java self-defined obfuscated obfuscated java xml android google java android android self-defined android self-defined self-defined android java android xml java google xml android android android java self-defined obfuscated google android self-defined obfuscated obfuscated android google java android android java android google self-defined java javax xml java javax java,1
benign038,java android java android google java android javax android self-defined obfuscated self-defined obfuscated self-defined self-defined javax java java xml google android android java android google android java xml android android android self-defined self-defined obfuscated obfuscated self-defined android android self-defined android java google android obfuscated android android self-defined java self-defined android java self-defined,0
malware074,android self-defined android java java self-defined java xml android self-defined java android android java android google android java self-defined obfuscated java self-defined xml apache xml apache self-defined android java java xml java self-defined android android java obfuscated java xml self-defined android xml android java android self-defined google android java android google android java java xml android google android java android xml java javax xml android self-defined java google java self-defined,1
malware031,obfuscated self-defined java obfuscated obfuscated java self-defined android java android google android java java self-defined self-defined self-defined android java java self-defined android xml java android self-defined java android java android android java android google java android xml java android google self-defined android java android google android android xml java android self-defined google obfuscated java self-defined google obfuscated android java xml apache self-defined java android xml java java java android java android google java android google self-defined obfuscated java java android self-defined android java self-defined obfuscated javax android google android java android google self-defined self-defined java android self-defined java self-defined android java android google java android xml java java android self-defined android google java javax android xml java self-defined java android google java android google java apache self-defined android android self-defined javax java google,1
malware100,java self-defined obfuscated java java javax xml java self-defined self-defined google self-defined java java javax android java google android google java android apache xml android self-defined java self-defined android xml java self-defined android java android google android self-defined java apache android java android google android self-defined obfuscated java javax android android java java android xml java java javax java self-defined self-defined apache java android xml java android java self-defined obfuscated android google java android self-defined java self-defined android google java android xml self-defined self-defined java android xml java,1
benign204,obfuscated android java self-defined obfuscated java self-defined self-defined android xml android javax javax xml google android java android google java android xml java android xml android java android java java javax java javax xml java android xml java android android java android xml java android android android android xml android apache self-defined self-defined android java java android xml java apache xml android self-defined google android xml android google self-defined obfuscated android self-defined java self-defined java self-defined self-defined android java android android javax android java self-defined obfuscated android self-defined android java java android xml google self-defined obfuscated self-defined self-defined android self-defined java self-defined self-defined xml java android,1
benign124,self-defined obfuscated obfuscated android java android google android apache android java android google self-defined javax self-defined self-defined xml java java javax java xml java android java javax android google xml self-defined android java java android self-defined android self-defined android google java self-defined android android java self-defined obfuscated self-defined self-defined java self-defined java android,0
benign194,android java javax android google android java xml self-defined android java java self-defined android self-defined android java javax java java javax android android self-defined java self-defined android java java android java java android google android java android xml java java android xml android google self-defined obfuscated javax java javax android java android obfuscated obfuscated java android android android android self-defined self-defined xml xml java xml android java android google java java xml java android java android google java self-defined android java javax android xml java self-defined self-defined obfuscated android google android java android google android java android google self-defined android google java google java google javax xml google android android java java google java self-defined android obfuscated java javax android google self-defined android java android android self-defined obfuscated xml apache java obfuscated android java android xml java javax android self-defined java android,0
malware121,android android self-defined android java xml apache android android google java android android xml obfuscated self-defined android google java android java android javax android android java self-defined obfuscated obfuscated self-defined java xml android obfuscated java android obfuscated java java xml apache java javax xml android java android google android xml apache java xml apache google android android android java self-defined obfuscated java java xml apache android android google self-defined android java android xml java android java android android java android google self-defined android google java android google java java,1
benign195,google java xml java obfuscated android android java self-defined obfuscated android google xml android java self-defined obfuscated google self-defined apache java android android self-defined java javax android java self-defined obfuscated apache android self-defined obfuscated apache self-defined android java xml java obfuscated android java xml apache android android java android google java android java android google,0
benign080,self-defined google java javax android self-defined java self-defined self-defined self-defined self-defined android java obfuscated self-defined xml apache apache android google android self-defined android java android java self-defined obfuscated obfuscated java google android java self-defined obfuscated xml google android self-defined android java java android self-defined java xml android google java xml google android java android google java self-defined android java android google apache xml java self-defined android google java self-defined android java android self-defined java android self-defined google self-defined javax java android google android java android self-defined java self-defined google android self-defined java xml google java android java android self-defined android java android self-defined java javax android java android google google android xml java self-defined self-defined android self-defined android java java javax xml java android google self-defined android java xml android android,0
benign100,javax xml java android self-defined java self-defined android self-defined java self-defined java android xml java java self-defined java android android self-defined java android java android google java android xml java xml self-defined android java xml android google java xml android self-defined google java google java android xml java android self-defined android java javax xml java java android java self-defined obfuscated android java android google self-defined android java android java android google self-defined obfuscated java google android xml android java android xml java self-defined java android xml obfuscated java java java android,0
benign187,xml android java javax android java self-defined google java xml android android google google self-defined android xml apache google android java android google android java android xml java java android xml java javax java android xml java javax java javax java android java android google java java javax android google java java xml android self-defined android java android self-defined java xml apache android java self-defined obfuscated obfuscated android java self-defined obfuscated self-defined android java xml self-defined android android android java android xml android java self-defined obfuscated self-defined android java android java android google android android self-defined java self-defined android self-defined android google android self-defined java javax java xml android android xml java xml,0
malware198,javax java android xml java javax android java android xml java android self-defined java android xml java android android google java android java java javax self-defined android java self-defined self-defined java javax android javax android android google android self-defined xml android java self-defined obfuscated apache android java java android self-defined self-defined google self-defined javax java android xml java self-defined google self-defined,1
benign198,xml android xml self-defined android java self-defined java android java android google self-defined android android android java self-defined obfuscated android java android android android android self-defined javax java javax android xml java java self-defined android java android android android self-defined java javax android android java apache self-defined android java android google android self-defined java self-defined self-defined android java android google android java self-defined obfuscated self-defined android java java self-defined android android android java self-defined obfuscated javax java android xml android android xml xml android android xml java xml self-defined android java android xml android android java self-defined android self-defined google self-defined self-defined java android xml java android java android google obfuscated android xml java xml android xml android android self-defined obfuscated obfuscated android self-defined java java xml android java android google xml android self-defined java android self-defined obfuscated android self-defined android xml java java java java java xml apache self-defined android java google android xml self-defined android,0
malware150,apache android android java android google java android java self-defined obfuscated xml java self-defined java java java javax google android java android java self-defined obfuscated self-defined android java android google java java xml apache self-defined google java android self-defined android google java android self-defined android xml java java obfuscated java java xml java apache self-defined android java xml java android xml java self-defined java android xml java android xml java javax java xml android self-defined google self-defined self-defined java android google java android google java java java android xml java self-defined android obfuscated self-defined android java android google android java android google android google javax android java android google java xml java android self-defined self-defined android android self-defined android android android java self-defined obfuscated java,1
malware088,java android java android google android java self-defined google java android xml javax xml apache self-defined java java android xml java android xml java google java java android google java android google self-defined android java android self-defined apache android xml java android self-defined obfuscated java android google self-defined android android obfuscated java self-defined self-defined,1
benign062,java self-defined android java java self-defined android android java android google android self-defined android java java javax java android xml java java xml android obfuscated obfuscated android java java self-defined android android xml android android java self-defined obfuscated obfuscated obfuscated self-defined java java java xml apache self-defined android java self-defined obfuscated self-defined java android xml java javax java android self-defined obfuscated java xml apache xml,0
malware206,java android java self-defined android java self-defined java javax android xml self-defined android self-defined javax xml android android android java android javax xml xml android java self-defined obfuscated self-defined android java android google java android javax java android xml java xml android java self-defined obfuscated apache xml android java self-defined self-defined self-defined android java java java xml xml android java self-defined obfuscated javax android self-defined android java java apache java android google android google java android apache java android xml java android java android java javax android android google android self-defined android java xml self-defined android android self-defined android android xml android self-defined android java xml java android self-defined xml google java android android java self-defined obfuscated android java android google java android xml java java java android self-defined google android,1
malware017,android java android xml java java obfuscated android google google java xml java xml apache android android xml android obfuscated self-defined google java java self-defined obfuscated self-defined java self-defined google self-defined java android android android obfuscated self-defined java android self-defined self-defined obfuscated self-defined obfuscated google,1
malware053,android self-defined google javax java javax google android java apache google self-defined java java self-defined java android java self-defined obfuscated self-defined java android self-defined self-defined android java android java xml apache google self-defined self-defined android java android android apache java android self-defined java java android self-defined java android self-defined google javax java google java javax apache java android google google self-defined android self-defined android java java android javax xml java java android google java android google java self-defined google self-defined google java self-defined obfuscated android xml android self-defined javax java xml apache xml android self-defined google self-defined android java self-defined obfuscated self-defined obfuscated self-defined android google android self-defined java java self-defined self-defined google java javax android google java self-defined android java android xml java android self-defined obfuscated java android self-defined obfuscated android google java java java android xml java xml android java java android xml java android java xml java apache self-defined android java android android android android java,1
benign047,android xml java java google self-defined android self-defined android java android java android xml java self-defined java android java android google obfuscated android self-defined java java self-defined xml java javax android java android google android google java android self-defined obfuscated java google obfuscated self-defined apache android java android java self-defined android self-defined android java xml java xml xml android android xml android obfuscated obfuscated android android self-defined java xml self-defined java javax java javax java java android xml java android android java self-defined obfuscated android self-defined self-defined android self-defined java self-defined javax xml xml apache xml android java xml android android java self-defined obfuscated self-defined self-defined self-defined self-defined android java self-defined android java xml apache,0
benign186,google android self-defined self-defined java self-defined android java self-defined java android xml java self-defined android java javax self-defined android java self-defined google java google self-defined apache apache self-defined android java android self-defined java java android android self-defined android java java xml android self-defined java android,0
benign212,self-defined android google self-defined self-defined android java xml apache java java java javax self-defined java android xml java javax android android self-defined android java java xml google self-defined obfuscated obfuscated android java android google java xml obfuscated android java android java java java android java android google java java javax apache,0
benign034,javax android java android java android google self-defined self-defined java android xml java android android google android java xml self-defined java xml android google android xml android java android google self-defined self-defined apache self-defined android java android android java self-defined obfuscated java android android java self-defined obfuscated self-defined android self-defined google self-defined self-defined android java self-defined self-defined android java java xml android xml java apache android self-defined java self-defined android java self-defined obfuscated google self-defined android android java self-defined obfuscated java java android xml java java android xml javax java android xml java apache android java android xml java java android xml java javax java android java java android google google android self-defined self-defined self-defined google xml android google self-defined android android self-defined java java self-defined obfuscated java google self-defined self-defined self-defined android java xml java javax self-defined obfuscated self-defined android android xml apache java java android xml java android,0
benign128,obfuscated android android self-defined android java javax android java javax java android javax android java self-defined obfuscated android google android google self-defined android java self-defined obfuscated self-defined java apache xml java self-defined android java java javax javax java android xml java java self-defined android java java self-defined android java java android xml java xml java xml android java android self-defined android java android java android xml java android java android xml java java java self-defined android java android java xml android java self-defined obfuscated java java android xml java google xml java xml android self-defined android java android xml android xml java android xml java android self-defined java javax android android xml,0
malware172,java obfuscated android android google java android android android java android google java apache java self-defined self-defined javax android google javax java apache android self-defined android java google self-defined xml java javax android self-defined android java android android java android google java android self-defined self-defined android java java android self-defined android google self-defined obfuscated self-defined self-defined self-defined,1
malware250,self-defined self-defined android obfuscated java java xml javax xml android java java self-defined java android google java android self-defined android xml self-defined self-defined self-defined google java xml apache android google android google java android xml java javax java android google java android xml java android google java android google java android self-defined android,1
malware081,java android java self-defined google google android self-defined obfuscated java android xml apache android google android self-defined javax java obfuscated obfuscated obfuscated self-defined obfuscated java android android javax xml android java android java self-defined obfuscated self-defined android xml obfuscated obfuscated android xml javax java xml google android java javax android java self-defined obfuscated self-defined xml self-defined google self-defined android google java java java java javax xml android java self-defined obfuscated self-defined google self-defined self-defined xml apache android java android google android android obfuscated obfuscated javax java android xml java self-defined android android android google,1
malware231,xml android java android google java self-defined java google android android android self-defined xml apache self-defined obfuscated self-defined android java javax java javax xml java javax javax java java self-defined android xml android javax xml java javax android self-defined javax self-defined self-defined google java xml self-defined android java javax xml javax java,1
malware063,obfuscated java google java android self-defined obfuscated obfuscated java self-defined obfuscated xml java android java android java javax xml android java android self-defined self-defined java android xml java javax java android self-defined google self-defined android java apache java android xml java android java self-defined obfuscated java java android obfuscated android java javax android self-defined android self-defined java android self-defined apache javax java android self-defined java android xml java self-defined android java android java android google google java android xml java google android apache java android java android java android google apache xml java xml obfuscated java obfuscated android java xml java javax google self-defined self-defined obfuscated java java javax android google android java android xml java java javax java java android self-defined java xml java android self-defined java android android java java javax java javax android java android google self-defined android javax android java self-defined obfuscated obfuscated self-defined java,1
benign044,self-defined google android self-defined java xml android android self-defined android self-defined google self-defined self-defined android self-defined java android self-defined java javax self-defined android java xml android android self-defined android java java android self-defined google obfuscated obfuscated android android java self-defined obfuscated obfuscated android self-defined android java xml apache android self-defined java java xml apache android xml self-defined android java apache android java android google xml java java android xml java xml apache java android xml java javax android java java android self-defined self-defined self-defined self-defined xml android android java xml java javax javax self-defined,0
benign117,obfuscated android self-defined java google android apache self-defined android java xml android java self-defined apache self-defined android java android self-defined android android self-defined android self-defined java xml apache android self-defined android xml apache java obfuscated android java xml obfuscated android android google self-defined google android android xml android android self-defined android java self-defined javax google self-defined java javax xml android xml java android self-defined java google android android java google apache android xml obfuscated self-defined android android java self-defined obfuscated obfuscated obfuscated google java android xml java self-defined java android java self-defined obfuscated java javax java xml java obfuscated apache xml java xml self-defined google java android java android google android xml android java self-defined obfuscated java android java javax xml obfuscated android self-defined java self-defined obfuscated android self-defined java java java android google self-defined android java android self-defined java xml self-defined android java javax java,0
benign112,google java self-defined android java xml apache android java apache self-defined google java xml java java java self-defined android java xml android self-defined java self-defined self-defined obfuscated android self-defined java xml android android xml apache self-defined obfuscated android self-defined java java android self-defined java java apache android google self-defined android java javax android xml java android java android google android java android java android google google,0
malware098,android xml java xml apache java obfuscated java android self-defined java android xml java obfuscated android android android java java xml java java java xml android java android google java android java java obfuscated android google self-defined self-defined self-defined java self-defined java android xml java javax java self-defined android java google android android google self-defined self-defined self-defined android java android self-defined java java android google android java self-defined obfuscated obfuscated android java google java javax xml java javax java apache android google java android obfuscated java java android self-defined android self-defined android java android google java android xml android java android self-defined android google android xml apache android google java android google java android google android self-defined android self-defined java java self-defined java xml apache java javax xml android apache obfuscated self-defined android java android self-defined self-defined android xml android xml apache obfuscated android java self-defined obfuscated javax xml android,1
malware191,android android google java android self-defined java self-defined self-defined xml java java java xml android self-defined java self-defined java android self-defined self-defined android java xml android android self-defined android google android android android self-defined android java android xml java javax java xml apache android google java android java javax android xml apache java java xml apache self-defined apache xml android java self-defined android java self-defined android java android self-defined xml google java android xml java javax android,1
benign188,obfuscated java self-defined self-defined self-defined obfuscated java javax java java xml apache xml apache java self-defined android java self-defined android android java self-defined obfuscated android xml java xml android google self-defined obfuscated google android android android self-defined java self-defined obfuscated java javax xml android android google java xml xml apache self-defined android java android android self-defined java self-defined android android,0
malware210,android google android java java android xml java java self-defined google self-defined self-defined google android java android google java self-defined java google self-defined java self-defined javax xml google android java android google android self-defined google google self-defined android java self-defined obfuscated java java android google self-defined android java self-defined obfuscated android xml apache javax java android xml java google self-defined java android xml java android google java android java self-defined self-defined obfuscated android java self-defined obfuscated java android google android self-defined android java javax android google android javax android android google,1
malware229,java android xml android android android xml xml android java self-defined self-defined self-defined java xml google java android java xml java android self-defined android google self-defined xml java java java xml android google android self-defined android java android google google self-defined java android xml java self-defined google android xml android google android java android xml java android android java self-defined obfuscated self-defined android java android google apache java java xml self-defined google self-defined android java android java self-defined obfuscated java javax android java android google android android java android google self-defined android java android android google java android self-defined android java self-defined android google java android android android google java android android java android self-defined android android javax java obfuscated android java,1
benign216,xml apache self-defined self-defined google android java android google java android xml java xml android android java android google self-defined google self-defined xml javax java self-defined android java self-defined java java xml android self-defined android java obfuscated android self-defined android java google self-defined self-defined java android xml java android obfuscated java android android java self-defined obfuscated xml java android java self-defined obfuscated self-defined android android xml android self-defined google self-defined google java self-defined java android self-defined java javax apache xml apache xml apache,1
malware092,self-defined obfuscated apache android java google android google java android self-defined google android javax apache apache java android xml java android android java xml apache self-defined self-defined android java self-defined android java android xml java self-defined google obfuscated android xml apache google self-defined android google java android self-defined android obfuscated java,1
malware238,android self-defined android java self-defined obfuscated self-defined self-defined android java android self-defined android android google xml apache xml apache apache xml android android self-defined google java self-defined obfuscated obfuscated obfuscated self-defined obfuscated android self-defined java javax xml android google java android self-defined self-defined obfuscated java android java javax javax java javax self-defined java android self-defined java android self-defined self-defined android java java javax android java self-defined obfuscated java android xml java xml java android android java self-defined obfuscated android obfuscated apache java java self-defined self-defined android java self-defined self-defined android java self-defined self-defined google,1
benign125,java javax android java self-defined android java android android self-defined java java java java xml self-defined android java self-defined android android java android google self-defined self-defined self-defined android java obfuscated self-defined google self-defined android java self-defined android java android google java android xml java self-defined android,0
malware134,android android self-defined android java android android google java android java android self-defined java java android google java self-defined self-defined android java android google java android xml java obfuscated self-defined google android self-defined java android self-defined android android java android google android self-defined self-defined android google obfuscated self-defined android java javax xml self-defined android xml obfuscated java self-defined self-defined android java self-defined obfuscated xml android google android self-defined obfuscated java android self-defined java android xml java javax java self-defined google android xml self-defined java apache google self-defined self-defined google java self-defined self-defined google java java javax java android self-defined java android xml java,1
malware065,google java self-defined android google javax java java android google java android self-defined android xml java java java xml xml java javax java android android java xml obfuscated obfuscated java android xml java javax java javax android google android google java android android google java xml java android android java android google java android google java java android self-defined android google self-defined google android java google java java self-defined android java,1
benign221,android xml xml google java javax android obfuscated self-defined android xml apache self-defined java self-defined self-defined self-defined android java android xml java xml apache android apache self-defined android java android self-defined android java java google obfuscated android java self-defined obfuscated android xml java obfuscated javax xml self-defined android java xml java javax android android java android java self-defined obfuscated java self-defined java java self-defined google javax self-defined android java xml android android android xml java android android google android java android google self-defined javax java xml java android xml android javax java android google java java java xml android self-defined java android android java android xml java apache xml javax android android java android java java self-defined obfuscated java android java java xml java self-defined java self-defined java android javax android android obfuscated java apache self-defined android java xml android java xml java android xml java xml apache xml apache java javax android self-defined,0
benign157,google self-defined java self-defined java xml android xml java self-defined java self-defined self-defined java android java self-defined obfuscated java android java android java java android xml java self-defined android xml apache java android xml java self-defined self-defined self-defined self-defined google android google android google android google self-defined android java android java android google java java android android apache self-defined java android self-defined self-defined self-defined android java self-defined obfuscated java javax android self-defined java self-defined self-defined android java java google google self-defined android java android google self-defined obfuscated java android xml java android android java self-defined obfuscated android self-defined android java java java android java android google android java android java android xml java android java android xml android android java self-defined java android self-defined java javax java android self-defined android self-defined google,0
benign002,android java android java android self-defined java java javax java self-defined javax android self-defined java java java self-defined android self-defined java android javax android java java android java android xml android self-defined android java android self-defined android java self-defined java self-defined google self-defined obfuscated self-defined android java android android java self-defined obfuscated obfuscated android android java android google google java javax xml android java android google self-defined google google self-defined obfuscated java android xml java java apache java xml self-defined android java java java,0
benign148,android self-defined android java android self-defined android google java android google android xml apache xml java self-defined java android xml java android xml android obfuscated self-defined android java android google self-defined android java self-defined obfuscated android java android google android android self-defined android java java java self-defined android xml java self-defined obfuscated java self-defined obfuscated self-defined android java android google java self-defined android android java android google java self-defined android google android android self-defined java self-defined java java android xml java android java self-defined android self-defined java self-defined obfuscated android android android self-defined android java android self-defined self-defined android google self-defined xml android,0
benign146,java javax xml java self-defined android google self-defined google java self-defined android java xml android android google android self-defined android java java xml android google java java self-defined android xml android java android google java android java self-defined obfuscated xml android java javax xml android self-defined android xml java javax xml android java android google self-defined javax xml apache javax android java self-defined obfuscated android java self-defined obfuscated,0
malware225,android xml android android google android java android xml java self-defined java self-defined javax android xml java javax android java java java java java android xml java java xml android google java android self-defined xml android android java xml java xml apache self-defined self-defined obfuscated google self-defined obfuscated self-defined android google java android xml java java xml java android xml java javax self-defined google android java self-defined android android self-defined android android google java android self-defined javax android java self-defined obfuscated android android obfuscated android android android apache java java apache self-defined java android google android java self-defined obfuscated java xml javax javax xml javax google android self-defined android android java xml android google java android java self-defined android java self-defined,1
malware211,obfuscated android java android xml java xml apache apache self-defined android java android java self-defined obfuscated self-defined android android google java android google obfuscated google self-defined java java self-defined obfuscated apache self-defined google android google android google java android javax xml google self-defined android java android java android android java self-defined obfuscated android java self-defined obfuscated obfuscated xml java google,1
benign052,android self-defined android xml android java android java self-defined obfuscated android google java java android xml java self-defined google java android self-defined android xml java xml android android google google self-defined xml android apache java android xml java android android google android android self-defined java android javax xml android java android xml java self-defined android java java android java java android java android google android java self-defined obfuscated google apache android apache java self-defined android java android google java android android java self-defined obfuscated javax self-defined android java xml apache xml java android self-defined obfuscated xml android android,0
malware203,java android self-defined google android android xml android google java android google java self-defined android java android java javax xml apache java java android android java android android android google android self-defined android java self-defined android java javax xml android java self-defined obfuscated java self-defined java,1
malware078,java apache self-defined google apache java android android google apache javax android google google google javax java android xml java android java xml self-defined android xml apache self-defined java xml android obfuscated self-defined self-defined google android java google google javax apache android self-defined self-defined self-defined android java obfuscated android java android google self-defined javax xml self-defined android java xml java android xml java google android java android google self-defined apache self-defined self-defined google self-defined self-defined android java self-defined self-defined java android self-defined self-defined google java java android xml java android java self-defined obfuscated javax android android google android google java android java javax android java android google android android java android google android java apache self-defined java android obfuscated self-defined android xml java android xml java android java self-defined obfuscated self-defined,1
benign032,java java android java android xml java android java google java java android xml java self-defined android google java android xml apache java android xml java android android obfuscated java javax android xml java android xml java java java java android self-defined android java android self-defined java android xml java javax xml apache self-defined android java android xml java android java self-defined obfuscated android java javax java self-defined android java javax self-defined android google self-defined javax java javax android apache java java android xml java self-defined android java self-defined obfuscated java self-defined google java java google java android xml java java java xml java android android java java xml apache apache xml xml android android self-defined android java java apache android google self-defined google java android android java android google java java self-defined android java self-defined android google android android android self-defined google self-defined android android google android google,0
benign087,java java self-defined obfuscated android android java android google self-defined android java self-defined android google android java self-defined obfuscated self-defined java android self-defined android java android java android google java android xml java android java android xml java java google java self-defined android java self-defined android java java xml android android xml android google self-defined self-defined obfuscated java obfuscated android android java java,0
malware214,java self-defined obfuscated java android self-defined obfuscated self-defined java self-defined self-defined self-defined google self-defined android java google java xml android xml java android android java android java android android java android google obfuscated android javax android java xml java java self-defined android java android android java android google android java android self-defined java java android self-defined java android self-defined android google android java android google android xml android google android google java,1
benign004,google self-defined java self-defined obfuscated java xml java self-defined obfuscated java android java self-defined obfuscated google android android self-defined java apache android xml android google self-defined android java java google android self-defined java android java self-defined obfuscated android self-defined java android self-defined apache xml apache xml java xml java android xml java self-defined android android java self-defined obfuscated android android java xml java,0
benign169,java java javax android android google self-defined java xml java android self-defined android java android google android xml apache xml javax xml apache self-defined google android self-defined java javax android self-defined google java android java android java self-defined android self-defined android java javax obfuscated self-defined android java xml android,0
benign067,android java android xml java javax xml obfuscated android google java android android google java xml android self-defined android java android google java javax xml obfuscated android java android java google android java android self-defined obfuscated android java self-defined obfuscated android self-defined obfuscated java xml android self-defined java java java self-defined google self-defined android java google java xml apache xml android java java java javax android java self-defined obfuscated self-defined self-defined google,0
malware169,java self-defined java java xml java javax android java android self-defined android xml apache android java java java self-defined android java google self-defined java android self-defined java self-defined android java android google java android java java obfuscated java android xml java java self-defined javax self-defined obfuscated self-defined obfuscated obfuscated java self-defined java javax java google android java apache xml android xml apache self-defined android android android google android xml java self-defined xml google android xml xml apache android xml java self-defined obfuscated self-defined android java java android self-defined google google obfuscated android java self-defined obfuscated android google java android xml java android java self-defined obfuscated android android,1
benign240,javax xml java android self-defined obfuscated java google android xml android android self-defined android java android self-defined obfuscated self-defined java android android android google android java self-defined java javax self-defined google java javax javax android java android google self-defined android java android self-defined self-defined android self-defined java self-defined java google android android java android,0
malware140,android self-defined android java obfuscated obfuscated google java self-defined android self-defined java xml android android self-defined java self-defined java java javax android java android xml java android java android google xml java android self-defined android java self-defined obfuscated xml apache android self-defined java xml apache java xml android java self-defined java java self-defined self-defined obfuscated obfuscated android google java android java javax android java self-defined java android java self-defined obfuscated java obfuscated java self-defined android android android android android android java javax java apache android google self-defined self-defined android java self-defined android android android google java android java self-defined android android xml android java android google android google android google java android apache java self-defined java android self-defined,1
malware102,android java android java self-defined obfuscated android google google self-defined google java java xml android android android java android google java javax self-defined android obfuscated android android google java android java android self-defined android xml android android java android java java android self-defined google java self-defined android java android java self-defined obfuscated java javax java android,1
benign149,google java self-defined java self-defined android self-defined java javax android java javax android android java java android java android xml java javax google java javax java android self-defined java google self-defined java java xml android android java self-defined obfuscated self-defined java self-defined javax self-defined android self-defined java xml java java self-defined java self-defined google android java self-defined obfuscated android xml google java android android xml apache self-defined android java android java android google android java android java xml android java xml xml javax self-defined android self-defined android java google android java android google android self-defined android java self-defined self-defined android java android xml java javax xml android self-defined android java android google android java xml,0
benign029,obfuscated self-defined xml android java android xml apache self-defined self-defined google self-defined obfuscated obfuscated obfuscated apache java java android xml java android xml java self-defined self-defined android java self-defined android android xml xml java android self-defined android self-defined java android android java self-defined obfuscated android obfuscated java javax google java google java java java xml apache java xml android self-defined java self-defined android self-defined google google android java self-defined self-defined self-defined android android javax android android java java self-defined android java javax android java android google java java android javax xml apache android self-defined android java google java java android xml xml java self-defined java android,0
benign048,android google android android google android self-defined java self-defined obfuscated android java self-defined java java javax xml apache android java obfuscated java xml java android google java java android self-defined android java java self-defined obfuscated android self-defined java java android xml java android self-defined java self-defined java android xml java,0
malware021,android self-defined android java android android obfuscated android self-defined obfuscated java self-defined obfuscated google java android android google java android self-defined java java java android xml java android google java android android self-defined google self-defined javax self-defined obfuscated android java android java android google self-defined android google java xml apache android xml apache android java self-defined obfuscated obfuscated java android self-defined obfuscated android self-defined xml javax xml java self-defined java android xml apache self-defined java android xml java self-defined java javax android android java self-defined obfuscated java javax java xml android java,1
benign241,android self-defined self-defined android java android xml java android xml java android java android xml java xml android self-defined java java android java android apache android android java android google google google apache self-defined android java xml android java android google apache android self-defined self-defined obfuscated self-defined self-defined obfuscated java java android javax obfuscated obfuscated self-defined google android self-defined java javax java android xml java google xml self-defined self-defined java xml java android java android self-defined java android java android google javax android java java self-defined android self-defined android java android java self-defined apache android java java android xml java android self-defined java java android self-defined android java android apache java self-defined android java java android xml xml android java self-defined obfuscated java java android self-defined android java javax xml android android java obfuscated,0
benign209,xml obfuscated android self-defined java xml xml apache java javax xml java self-defined android xml google javax javax xml apache java java android self-defined java self-defined android java java android google java self-defined android self-defined self-defined java android java android google android android self-defined java java javax java android self-defined,0
malware194,self-defined java android java self-defined obfuscated obfuscated obfuscated android java self-defined obfuscated android java android google java google self-defined android java java self-defined self-defined java android self-defined google java android self-defined obfuscated self-defined obfuscated obfuscated self-defined google apache android java android xml java android android google java android android google java android google self-defined self-defined self-defined java google android xml android java self-defined obfuscated self-defined android java xml java android android java android google java xml java apache android android android android java android self-defined java java google android self-defined javax android java java self-defined self-defined android java self-defined obfuscated obfuscated android java self-defined obfuscated self-defined java java self-defined google android obfuscated android java android,0
benign164,java javax self-defined self-defined android android google android java android xml java xml xml obfuscated android java android google android self-defined java self-defined android java apache google obfuscated java android xml java java javax xml java obfuscated java java android xml java android java self-defined obfuscated google android google java self-defined android java self-defined javax xml android java android google android java self-defined java android xml android java self-defined,0
benign210,android java self-defined self-defined android java self-defined obfuscated java android self-defined google android java self-defined obfuscated android self-defined java self-defined android java android google self-defined obfuscated self-defined java javax xml java android xml java self-defined android google android google android android android android java self-defined obfuscated android google google self-defined xml java javax xml java android google self-defined obfuscated self-defined android java javax java java android xml java,0
malware249,android java android java android xml java self-defined java java xml java android xml java android xml self-defined android java self-defined android self-defined android java java android java android java self-defined obfuscated xml java android xml java xml google java android java android google xml self-defined android java android xml java self-defined google android self-defined android java java,1
malware221,self-defined java xml android self-defined java xml apache java android xml java android android android google java android xml obfuscated java java android xml java javax self-defined android obfuscated self-defined google apache java android java android self-defined android java self-defined android android java self-defined obfuscated obfuscated android android java,1
malware101,android android java self-defined obfuscated android google self-defined apache xml self-defined android obfuscated google android android google java android xml java android xml java android java self-defined android java javax obfuscated obfuscated java android xml java java javax android self-defined google java android obfuscated obfuscated java self-defined google android android java android google java android xml apache google android java android xml java javax java apache xml android java android google android google android self-defined android java android xml java self-defined self-defined google java android javax java android self-defined obfuscated android xml java java google android javax android java xml apache self-defined android xml android google java android self-defined obfuscated self-defined java obfuscated self-defined android android android obfuscated android google java,1
benign244,java java self-defined android self-defined android self-defined android java self-defined obfuscated obfuscated android self-defined java java android google java self-defined android java xml obfuscated javax android google self-defined android java android google java obfuscated java android xml java xml apache android android android java android java android google android java android google java self-defined apache self-defined android self-defined android android self-defined java apache android java android google self-defined android java android java xml apache xml android google java xml java java javax self-defined self-defined android java java self-defined java obfuscated java java android xml java android self-defined self-defined android java java self-defined google java xml self-defined obfuscated self-defined obfuscated obfuscated java android android java self-defined self-defined self-defined android java obfuscated java self-defined java android xml java java self-defined android android java android google android self-defined java xml java,1
malware107,obfuscated android java android java android google java self-defined android java javax java java self-defined self-defined android java google android java android java android java xml android java self-defined obfuscated android google java android obfuscated android google self-defined google java self-defined javax android android google java android google self-defined android xml apache java java android google java android self-defined javax java android android java android google android xml java android self-defined apache java javax java android google self-defined android java self-defined obfuscated obfuscated android google self-defined obfuscated android self-defined android java android xml java google android self-defined java android xml java xml android self-defined java android xml java google android android java self-defined obfuscated java java android javax obfuscated java self-defined java javax android xml java android java self-defined obfuscated self-defined obfuscated java xml obfuscated self-defined android,1
malware080,google google self-defined android android android android apache android android java java android self-defined java android android google java android google java android xml android obfuscated java javax java android xml java self-defined obfuscated xml java android self-defined android java android java android google xml android android google java android java android xml java javax self-defined javax android java self-defined obfuscated java javax java android google java android java android self-defined google self-defined self-defined self-defined google self-defined java javax java android self-defined java android xml java google java self-defined obfuscated android xml java java apache self-defined google java java xml apache self-defined google self-defined android google java android android xml apache xml android google java android java android google java javax java java android self-defined google android javax self-defined java android xml apache self-defined obfuscated self-defined javax java xml java self-defined obfuscated self-defined javax android xml self-defined android java xml apache google android google java android xml android android self-defined,1
benign066,self-defined obfuscated self-defined java self-defined self-defined self-defined android java self-defined android java java javax android xml java android xml java obfuscated obfuscated obfuscated obfuscated java self-defined android self-defined android java apache android java self-defined android google android java android google android java self-defined obfuscated obfuscated java android self-defined java java xml java android self-defined android java xml android google android obfuscated obfuscated javax java,0
malware244,java xml java google java self-defined java android xml java self-defined android java android java android google java android google android google android java android xml java xml apache android java android xml java self-defined google android google java android javax javax android java android self-defined google apache android java android java android self-defined android self-defined self-defined google android google android java self-defined self-defined android java self-defined obfuscated java java android android self-defined self-defined obfuscated java android self-defined android java self-defined obfuscated google java android xml java javax java android apache java android xml,1
malware003,java xml java obfuscated android google android xml java java self-defined java android xml java android javax java javax self-defined obfuscated self-defined self-defined android self-defined android java javax java android xml java self-defined google java xml apache android android java self-defined android java android apache java apache android google android self-defined obfuscated obfuscated android apache xml android android google obfuscated java android self-defined obfuscated android android java self-defined obfuscated android java,1
malware216,android android google android java android google android google android google java android obfuscated java xml android xml self-defined android self-defined android java google java java self-defined google android android java self-defined java android android java self-defined obfuscated apache android google javax android xml self-defined java javax java,1
benign183,obfuscated android google self-defined android java android google android google self-defined java self-defined java android xml java android xml apache self-defined self-defined android java android self-defined java java self-defined android java javax self-defined android java java self-defined android android android android android android obfuscated android android self-defined java android java android xml java android google self-defined android android java self-defined obfuscated google android google android javax javax android android java self-defined obfuscated obfuscated android xml android xml java android java self-defined java self-defined xml android java android xml java google java xml apache xml self-defined android java xml java android,0
benign219,xml android java self-defined java self-defined android java android java android android xml java android android android java android google obfuscated android android google android java self-defined obfuscated android java xml android self-defined google android java self-defined google javax java javax xml self-defined obfuscated java self-defined obfuscated obfuscated java self-defined android java android javax xml self-defined android java java javax android android java self-defined obfuscated apache self-defined self-defined java android java self-defined obfuscated android self-defined android java javax xml java android java android google android android java self-defined obfuscated obfuscated java self-defined android java javax java android xml java apache android android android self-defined android java javax xml java android java android xml java xml self-defined android java xml apache java android google java android java self-defined obfuscated android self-defined java android self-defined android java java java java javax android obfuscated java android android google java android xml java xml android android obfuscated android java android google,0
benign142,android android java android google android android java javax google android android xml java android android java self-defined xml java self-defined java android java android google self-defined self-defined android android self-defined android java obfuscated android java xml android android google android java self-defined obfuscated self-defined google self-defined self-defined android java obfuscated java java apache java self-defined apache android android java google java xml self-defined google android self-defined java android java xml,0
benign231,obfuscated android android google self-defined self-defined android java java javax android self-defined xml self-defined android java self-defined java android google java self-defined obfuscated java javax android self-defined obfuscated self-defined google google android java xml android java self-defined obfuscated google android google self-defined google java apache self-defined java java self-defined android xml apache xml java self-defined self-defined java android xml java android google self-defined android xml java javax android android java java java android self-defined android java java android java self-defined obfuscated android google apache xml google java java java javax android google obfuscated xml android google android xml android xml apache google self-defined android java javax java self-defined obfuscated android java self-defined obfuscated android self-defined java java xml apache android obfuscated android android java javax java android xml java self-defined android java self-defined google android self-defined,0
malware094,xml android android google self-defined self-defined android java self-defined google android xml google android java java self-defined google android self-defined google self-defined self-defined google android java android self-defined java self-defined java android xml java obfuscated java java xml self-defined android java java xml self-defined android java android google android java java android xml java obfuscated android java self-defined obfuscated self-defined google android java self-defined obfuscated self-defined android java android android java self-defined obfuscated self-defined java android self-defined google self-defined android android google self-defined obfuscated android self-defined android google self-defined obfuscated android android java self-defined android google java android xml android google java android self-defined java xml java xml apache java android self-defined obfuscated android java android google java self-defined self-defined android java android java android self-defined android android xml apache android xml java javax self-defined android xml java android,1
malware116,android android xml java javax android android android self-defined self-defined obfuscated java android xml java javax android google self-defined obfuscated java xml android java android xml java java android java android xml java android android android java self-defined obfuscated apache self-defined google java self-defined android android android java android google java android self-defined android java android self-defined xml apache java java apache android java android google java java android self-defined android java android google java java android self-defined self-defined google java android android google java android android java android google java xml android self-defined google self-defined android xml android java android google self-defined self-defined google android java android google android java self-defined obfuscated self-defined android java android android google android self-defined obfuscated self-defined android google self-defined android android java self-defined self-defined,1
benign168,xml apache java android apache java android java android self-defined android xml android self-defined java android self-defined android java javax android java android google obfuscated android android self-defined android java java javax javax android self-defined android java self-defined obfuscated android java self-defined obfuscated java android xml java self-defined self-defined self-defined google javax self-defined android java self-defined obfuscated java android java android google android google xml android java android google java android xml java javax android android apache android xml android android java android java self-defined obfuscated,0
malware126,google java javax java android xml java apache android xml java self-defined java xml android java self-defined android java self-defined java android obfuscated java android xml java self-defined android java self-defined android java android xml java java android self-defined self-defined android java java android self-defined java android xml java android java android google java self-defined obfuscated android self-defined self-defined android android java xml java android xml java self-defined android java android google self-defined android android java android java self-defined obfuscated obfuscated self-defined self-defined android google self-defined javax google java android xml java self-defined java android self-defined self-defined google java java java java android java android google android xml java java android self-defined java android android android android android android java android google android java self-defined self-defined java xml android android self-defined self-defined google java java android google java android xml android google,1
malware189,android android java android google android java android google java android java android google java android xml java android java self-defined obfuscated java javax android java xml android javax android android java android xml android google java android obfuscated android java obfuscated obfuscated obfuscated java java self-defined android google android java android google android android android android self-defined self-defined google xml java obfuscated google java self-defined android,1
malware002,android android self-defined self-defined obfuscated android java android google java android self-defined android java javax android self-defined android google java android xml java xml apache android java android xml java google android xml apache xml google android google java self-defined android java android google android,1
benign144,java javax google self-defined self-defined android self-defined java android xml java java self-defined google java android java android google apache xml android self-defined java java javax java android java android google self-defined self-defined android java android google java self-defined android java self-defined obfuscated xml java obfuscated obfuscated android google android xml android google,0
benign073,java self-defined android self-defined self-defined android java google self-defined google javax android self-defined android self-defined java apache android obfuscated android java android java self-defined obfuscated java java android xml apache java javax java android java android google android xml java javax xml android self-defined java xml self-defined android java self-defined android java android java android google android self-defined apache android self-defined google java android xml java android java android google self-defined obfuscated java java javax xml self-defined android java android google java android android java self-defined,0
malware163,obfuscated android self-defined obfuscated android android java self-defined obfuscated android google self-defined self-defined javax xml xml java self-defined android java android android java xml android google java android android apache android xml java java android self-defined android obfuscated self-defined android java android google self-defined self-defined self-defined java java android android java android java self-defined obfuscated obfuscated java java obfuscated self-defined android java android google java android self-defined android java self-defined apache java android java apache xml apache java android self-defined java javax java android self-defined obfuscated,1
benign201,android xml android android google android self-defined android java android android android xml javax android java java android xml java xml android android self-defined android java xml javax java self-defined self-defined android self-defined java google android self-defined java android java self-defined obfuscated android xml java java android android java android self-defined java self-defined android android google self-defined apache android android java android self-defined java apache xml android xml java self-defined java android xml android java android xml java,0
malware226,java android obfuscated android java javax java javax java android google java android xml obfuscated self-defined google java android google java android obfuscated java xml xml android android java android google self-defined self-defined java android xml java java android xml java android google self-defined obfuscated android google java android java android xml java apache android java java android xml android apache java xml apache self-defined java java xml android self-defined self-defined self-defined android google java android xml java java android self-defined xml obfuscated self-defined android google java android android google java android apache android xml javax java xml android google java android java android xml java android java android google android android android xml self-defined android java android java self-defined obfuscated android android java java,1
malware232,android self-defined obfuscated java java javax android google java android java self-defined android android xml apache android google self-defined java xml javax xml self-defined android self-defined self-defined java javax xml apache java google java android xml java java android xml java self-defined java android self-defined xml android self-defined android java google self-defined android java java android xml java android google java android android android java self-defined obfuscated android android xml android self-defined javax xml apache android android java self-defined obfuscated android java javax java google android xml apache self-defined google android java,1
benign082,android self-defined self-defined google java javax java android java android google android google self-defined android android self-defined java android xml java self-defined android self-defined android java java javax obfuscated java self-defined obfuscated java android xml java google java self-defined android java self-defined obfuscated obfuscated xml java obfuscated java android android java self-defined obfuscated java xml google android xml java apache xml android google google android self-defined java self-defined obfuscated obfuscated self-defined android java android obfuscated self-defined android java self-defined obfuscated obfuscated self-defined android java android java android google self-defined android java self-defined google java android java java xml,0
benign179,xml java java xml android self-defined android java android google java xml xml self-defined java javax google google android java self-defined obfuscated obfuscated obfuscated android android xml self-defined javax apache android java android google self-defined java android java google java self-defined android java self-defined android java android google android android java android google self-defined self-defined javax java android xml java google android android self-defined java javax android,0
malware157,xml obfuscated self-defined java self-defined android google java android xml google self-defined android java java android java self-defined obfuscated android self-defined android google java java android self-defined java self-defined self-defined java java xml android java self-defined obfuscated java java android xml java android google google java javax xml android java self-defined obfuscated self-defined java android xml java obfuscated self-defined google java java javax android java android google java android xml java java self-defined google android android google java android java android xml obfuscated android android xml xml android android java android xml java java obfuscated java android xml google android java xml,1
malware119,android xml android android java self-defined obfuscated self-defined android google java android java java android xml java xml apache java android google java android android java self-defined obfuscated java java xml apache xml obfuscated self-defined java android self-defined self-defined self-defined obfuscated android android java android google java android self-defined java android self-defined android java self-defined obfuscated java self-defined java android google java android self-defined google self-defined java javax java android java android google android android google self-defined java android self-defined android java javax android google java javax android google java android android java self-defined obfuscated obfuscated obfuscated javax java android self-defined java android xml android android android google java android java android xml java java android xml java java xml android xml apache self-defined android java android google java self-defined obfuscated obfuscated,1
malware207,self-defined android apache xml android android self-defined obfuscated obfuscated self-defined java android self-defined android google self-defined google obfuscated java java android self-defined google obfuscated obfuscated obfuscated android self-defined android android google java google self-defined android java java android android google java android self-defined xml java java android self-defined android java self-defined obfuscated self-defined android java android google android google android android xml android self-defined apache self-defined java android xml java android android java self-defined android java android self-defined self-defined android android java java android google self-defined android java self-defined obfuscated obfuscated self-defined android java apache android java self-defined obfuscated java java xml apache android java android google self-defined self-defined java android xml java android java android google self-defined android google java android google java java self-defined obfuscated java xml apache java android xml java,0
benign208,javax android java android android android java self-defined obfuscated self-defined javax self-defined android java self-defined obfuscated google java java javax java self-defined android java android self-defined java android java android google java google java android xml java self-defined self-defined java javax java java google google android xml java self-defined obfuscated android google java java java xml android android self-defined android java self-defined obfuscated javax xml android self-defined java self-defined java android xml java xml java xml apache xml self-defined android java xml java android android java xml android obfuscated obfuscated self-defined java java android self-defined java android java javax java android,0
benign061,javax xml apache java java java xml apache java apache java apache android android java android google java apache self-defined android android android java xml xml java java java java apache self-defined android android android self-defined java android java android google java self-defined android java self-defined android java android java self-defined obfuscated apache self-defined google android java javax java javax android java android xml java self-defined java java self-defined android self-defined java xml java javax android java javax xml android android java self-defined obfuscated java java self-defined android xml apache java android java android android android java android google android xml javax java xml apache xml apache xml apache android self-defined android self-defined java self-defined android java,0
malware175,android xml xml android android self-defined java self-defined android java android google self-defined xml apache java self-defined android self-defined obfuscated android java android java java self-defined android java self-defined obfuscated google java self-defined java java xml google self-defined java android self-defined google android google java android android google java android android google java javax android java android google self-defined java android java android google obfuscated java android xml java apache xml android java android self-defined obfuscated android self-defined android java java javax xml android google,1
benign158,android java java obfuscated self-defined android java java xml apache android xml java android apache android android javax java javax xml self-defined android java apache xml apache xml self-defined android java self-defined android android java java self-defined android java self-defined android java javax java android google android java android google java android self-defined java google android self-defined java self-defined self-defined android java self-defined java xml android java android xml java java self-defined android java android java android google google java android android self-defined java javax android java android google obfuscated obfuscated self-defined java self-defined android java,0
benign177,javax android self-defined self-defined self-defined android java android self-defined apache java android xml java java self-defined java android java android xml java google self-defined google android java self-defined android xml self-defined android java xml apache xml obfuscated self-defined android java android obfuscated java android xml java self-defined self-defined self-defined android java android java self-defined java java xml android self-defined self-defined google android java self-defined android java java,0
benign075,google self-defined android android java android google xml android xml apache java self-defined android java android android java self-defined obfuscated android android java android android android self-defined android java android android android android android java javax android java self-defined obfuscated self-defined android android self-defined obfuscated android android self-defined android java android google self-defined obfuscated android java android android xml self-defined android java java android xml java javax android java android google java self-defined android java javax android java google android self-defined android java java android xml java java xml apache xml apache xml java self-defined android self-defined android java java javax obfuscated,0
malware011,google self-defined google java android xml java java java java android xml java xml java android xml java javax android xml java java android xml android self-defined google self-defined android xml xml java android xml java android android xml android android google java android google android google java android java android google self-defined xml java self-defined self-defined android java google android obfuscated self-defined google java google android java java android self-defined google android self-defined java android java java java android xml java javax self-defined android google java android android android android java android self-defined android java android android google java self-defined java java xml google google self-defined self-defined android google android google android java android google java self-defined,1
malware099,android java android xml java self-defined android self-defined android java java self-defined android self-defined obfuscated android xml android xml java android self-defined self-defined android java android google self-defined android java google java self-defined google self-defined self-defined android java java android obfuscated android java java java android java self-defined obfuscated java java xml android google java android obfuscated java javax java java android self-defined javax android java java java apache xml google java java self-defined google apache android java android google android java android self-defined obfuscated java android android obfuscated java javax java android java javax self-defined self-defined google android xml android self-defined java java android self-defined java android xml java self-defined android,1
malware239,apache android self-defined self-defined android java self-defined android java android google self-defined java java self-defined self-defined google android xml java obfuscated android java java android java self-defined obfuscated android java javax self-defined android java google android java android google android xml apache xml apache android google self-defined android java android google self-defined android android google java android java android javax java java self-defined android java android google self-defined android java android self-defined android java android google java android javax java android xml java xml java android self-defined self-defined obfuscated java java android google android google java android xml xml android self-defined obfuscated java android java android google apache android java android google java android self-defined java android xml java java android self-defined xml,1
malware052,obfuscated self-defined google self-defined obfuscated android android self-defined obfuscated self-defined android android java android google self-defined android xml apache self-defined java self-defined android java javax android java javax android android javax android java java android self-defined self-defined android self-defined google java apache self-defined google android google android self-defined self-defined obfuscated java android android google java android android google java android android xml android java android google android,1
malware184,javax java xml android android java self-defined obfuscated self-defined apache android java google java java android xml java google self-defined android java self-defined obfuscated self-defined android google java android xml android java self-defined java android xml java self-defined google obfuscated android android xml java java java android self-defined java self-defined android android self-defined java android google java android google,1
benign191,google android javax java android xml java android xml google self-defined google google android java android xml java obfuscated android self-defined google android java apache java android java self-defined self-defined self-defined android java javax java android xml java android self-defined apache android apache self-defined javax java android android self-defined android java self-defined java java android self-defined java google self-defined obfuscated javax java android java self-defined obfuscated java self-defined self-defined obfuscated android java self-defined obfuscated self-defined android self-defined java self-defined android,0
benign078,javax self-defined android java self-defined android java java android xml java xml apache xml android android android java self-defined obfuscated android self-defined android java android java android google java android xml java android self-defined self-defined self-defined xml xml android self-defined java self-defined java xml android self-defined obfuscated android java self-defined android java,0
malware075,self-defined self-defined google self-defined self-defined self-defined java java android self-defined obfuscated android apache self-defined self-defined google android xml apache android java obfuscated android self-defined android xml self-defined java java xml java javax xml apache java apache android java self-defined obfuscated obfuscated self-defined android java android self-defined google android google android android self-defined java android xml java xml java android google android google javax android google java android android android java self-defined android xml apache self-defined android self-defined google google self-defined javax java java android self-defined xml android xml android android obfuscated obfuscated obfuscated obfuscated android java self-defined obfuscated java java android xml java xml apache self-defined self-defined self-defined android java java android xml java self-defined self-defined,1
benign091,java xml java android xml java self-defined obfuscated android java java android java self-defined obfuscated java javax xml android self-defined self-defined android java android xml android xml java google self-defined android java android google java android xml xml java android xml android android java self-defined obfuscated android self-defined java xml apache android self-defined android java,0
benign036,google android self-defined java javax xml apache java android google self-defined obfuscated android java android google xml android android self-defined java self-defined java android google javax android self-defined self-defined java android xml java java javax android java self-defined android java java xml apache self-defined java android xml self-defined self-defined google self-defined java self-defined java android self-defined java xml javax android google android java android google self-defined obfuscated android java self-defined obfuscated android android android self-defined java self-defined android java self-defined self-defined google,0
benign127,self-defined android java android google java android javax android self-defined android java apache java self-defined android java java xml android self-defined android java android android self-defined java javax android xml apache android self-defined android xml self-defined self-defined android self-defined android java android google java google android self-defined java xml java android xml java javax java android android self-defined java android self-defined java self-defined google android self-defined self-defined android,0
benign151,java android java android xml java self-defined google java xml java java xml android obfuscated obfuscated xml java android xml java android android self-defined self-defined android java android java javax android self-defined java xml java xml java java android xml java xml java android java android google self-defined android java javax java android android java android java android google self-defined google self-defined android xml android android google,0
malware131,self-defined obfuscated java android self-defined android xml android android java java self-defined java android xml java java android xml java apache xml apache java android xml java java android self-defined obfuscated android xml android android google java android android android java android google self-defined java java google android android java self-defined self-defined java java android self-defined java android xml java android xml apache self-defined google self-defined apache java android xml java self-defined android java android self-defined self-defined javax google android android java android google java android self-defined android google android android xml android java android google apache java android java android android google java android self-defined javax xml android google self-defined android self-defined obfuscated android java javax android,1
malware060,apache java java javax android self-defined android java javax java android self-defined android android android java android google android java self-defined android java javax xml android android google java android java java xml android google java android self-defined android java java android android obfuscated self-defined self-defined self-defined self-defined google self-defined android java android google android java android google java android android android xml apache java java android java self-defined obfuscated obfuscated java android google self-defined self-defined android java android android java self-defined obfuscated obfuscated self-defined android android xml self-defined android java javax java android xml java android google self-defined self-defined android java android google android java java javax xml android google java android android self-defined android java java java android self-defined java javax xml apache xml obfuscated android android java android google self-defined android java xml java android self-defined obfuscated self-defined java javax java xml xml android google java android java java android,0
malware105,java xml java java android xml java self-defined xml java java android self-defined java self-defined android java java obfuscated java self-defined google android java android google java android xml java xml android android android xml apache java javax xml android android java self-defined obfuscated java xml java java android xml java java android self-defined google java javax self-defined android java self-defined obfuscated self-defined xml apache google java xml android android google java android apache android google java android android apache self-defined apache xml java android javax android java self-defined obfuscated java javax java java android android google java android java android xml java javax java android java android android java xml java,1
malware230,xml apache android java android android self-defined java javax xml apache android java self-defined obfuscated android apache android google java android android xml java self-defined apache xml apache android self-defined apache java android google java android self-defined self-defined self-defined self-defined self-defined java android xml java apache java self-defined android java android self-defined android google self-defined obfuscated obfuscated obfuscated android android android self-defined android google java android android obfuscated android java xml apache self-defined java self-defined android java android java android java google android java android java self-defined self-defined self-defined android java self-defined javax apache xml java android xml java xml android java javax xml android java javax android google java google android google self-defined google xml apache self-defined java android google java android google java android obfuscated android google java,1
malware227,android google self-defined self-defined android java xml self-defined obfuscated java java android java java xml java java android self-defined obfuscated java android java xml java javax xml java javax xml java android xml java apache self-defined java android self-defined android java self-defined obfuscated javax self-defined android java android java android google java javax xml android self-defined java android java self-defined obfuscated java xml java apache java self-defined google android javax xml android java self-defined obfuscated android android java android self-defined self-defined obfuscated android android android java android self-defined self-defined google self-defined android java google javax,0
benign218,java self-defined android java android self-defined java java xml apache android self-defined java self-defined android java android self-defined java android android xml android android self-defined android self-defined android java self-defined obfuscated android android android android java self-defined obfuscated self-defined android java android java self-defined android java self-defined java obfuscated self-defined android java google self-defined java android xml java self-defined android java xml android java obfuscated self-defined android java self-defined obfuscated self-defined android self-defined java android java android google javax xml java java android xml java javax java self-defined obfuscated javax self-defined xml apache android self-defined android java google android java android google java java javax java javax java android self-defined self-defined android java apache android javax xml apache self-defined android java xml,0
benign232,xml android google android android android android java javax java android google java javax java javax java obfuscated self-defined android java android xml android java self-defined java self-defined android self-defined java java android xml java xml java javax android java self-defined android android javax java javax google xml android java android google android java javax java android xml java android xml java javax android android android android xml javax java android android java xml android self-defined android java java javax self-defined android java self-defined google android android self-defined android java android google self-defined android google self-defined google android google self-defined android java javax android xml android xml apache android self-defined android java android self-defined android java java javax android android java android google java xml android android java self-defined obfuscated self-defined java android xml java android google android javax android self-defined android java,0
malware097,android android java javax java javax java android xml java xml java obfuscated android java self-defined obfuscated android android java self-defined obfuscated java android xml java javax xml apache xml android google java xml obfuscated self-defined obfuscated apache java java java android self-defined java android google java google java google java android xml java java java android google self-defined self-defined obfuscated java java self-defined google android google self-defined android self-defined android java xml android java self-defined android java android java self-defined obfuscated android xml javax android java javax java self-defined android java self-defined obfuscated self-defined android apache self-defined self-defined self-defined java android xml java self-defined self-defined self-defined java self-defined google java android self-defined java java java android self-defined xml google obfuscated obfuscated obfuscated self-defined java java,1
benign211,google android java android xml java self-defined android java java java xml self-defined android java xml self-defined android java java java java javax android self-defined android self-defined java xml google apache java android xml java google self-defined google java self-defined self-defined java self-defined javax java java self-defined android google self-defined java self-defined java android google android self-defined self-defined java java obfuscated self-defined android android java self-defined obfuscated obfuscated java android xml java xml apache obfuscated obfuscated self-defined android google java java android android self-defined google self-defined obfuscated android self-defined java android java self-defined obfuscated java xml android android self-defined android java google android self-defined android java self-defined android java javax java android,0
benign165,self-defined java android xml java java self-defined android java self-defined google self-defined android java java android java self-defined obfuscated android xml android google self-defined android java android google self-defined android android apache xml android android self-defined java self-defined android xml self-defined android java android self-defined java xml apache android java javax xml self-defined self-defined self-defined google android java javax java javax java android xml java java xml apache java self-defined,0
malware195,android java self-defined android self-defined google self-defined google self-defined android java google android java android xml java javax java javax xml java android java android android android xml java java android xml apache self-defined java self-defined java self-defined obfuscated java self-defined self-defined android self-defined android java java android self-defined android google java android xml java android java android google java java android google java android self-defined android java google apache android self-defined google self-defined java javax android java self-defined obfuscated android java android google android self-defined java android self-defined google self-defined java javax xml java java android java self-defined obfuscated obfuscated java android self-defined android java self-defined obfuscated android android self-defined android java android java xml google google self-defined self-defined java android google android xml java xml java android self-defined android java android android android java self-defined obfuscated android java self-defined obfuscated android google android java android java self-defined obfuscated self-defined android java android,1
benign103,android apache android java self-defined obfuscated self-defined java self-defined android java android xml java java self-defined android java xml apache java obfuscated android java xml apache android java self-defined obfuscated self-defined self-defined android java android self-defined java xml java self-defined obfuscated self-defined self-defined self-defined java xml android self-defined java android xml self-defined obfuscated xml java self-defined android java xml android xml android self-defined google android xml javax android google java self-defined android java android google self-defined google java self-defined self-defined android java self-defined android,0
malware036,java android self-defined java android xml java xml java java android self-defined java android xml java javax java java android xml java apache self-defined android java java android self-defined android java java javax self-defined android java javax obfuscated self-defined obfuscated google self-defined obfuscated self-defined java self-defined apache xml android java javax xml android google java android java xml apache xml android java self-defined obfuscated self-defined java android self-defined android google java android android self-defined android java javax android self-defined android android google java android self-defined obfuscated java android xml java self-defined java android xml java android google android android java android google android xml java java android android obfuscated java android self-defined java self-defined obfuscated android java self-defined obfuscated obfuscated java android xml java self-defined android java self-defined self-defined self-defined android java javax xml android java self-defined obfuscated obfuscated android google android,1
malware118,self-defined obfuscated java java android java android self-defined android google java javax xml android java android google java android android google self-defined self-defined apache android java self-defined obfuscated android google java android java java java java android self-defined google self-defined self-defined self-defined java xml java java android java android google android google self-defined google apache java android java self-defined obfuscated self-defined java android xml obfuscated self-defined java android self-defined android apache self-defined java android self-defined self-defined google android java android self-defined java android xml java xml apache java,1
benign189,javax xml apache xml android self-defined java self-defined java java android xml java java android xml java java android android java java android xml apache android java android google java self-defined android java java xml android java android google java self-defined google self-defined self-defined android java xml android java android google self-defined android java android self-defined android java xml android self-defined java self-defined android java self-defined android java self-defined obfuscated self-defined android java java xml android android javax java android java,0
malware247,java self-defined java android self-defined self-defined google java java android google java android google android self-defined android java android xml java obfuscated android google java android java java android xml java xml android xml android google java android self-defined android java android java android google android java android google android self-defined self-defined android android self-defined java android xml java android,1
malware012,xml android xml self-defined java android xml java apache android java android java android google android java self-defined obfuscated android android java android google java android xml java self-defined android java android google javax self-defined obfuscated self-defined android java javax java apache java self-defined google java apache android google java android java android java self-defined obfuscated self-defined java android java javax android java self-defined obfuscated self-defined android self-defined obfuscated obfuscated android self-defined self-defined android google java self-defined self-defined obfuscated java self-defined java android java self-defined obfuscated java self-defined android java google self-defined android java android google android android java,1
benign207,obfuscated self-defined java android xml java android google apache self-defined google self-defined self-defined obfuscated javax java android self-defined google android self-defined java java android self-defined self-defined android java javax java javax java self-defined android self-defined android android self-defined self-defined android java android google self-defined java javax obfuscated android,0
malware028,android android google java google java android self-defined self-defined obfuscated java self-defined android java obfuscated self-defined obfuscated android google java android google java android java self-defined obfuscated java java android android xml android self-defined google self-defined android java java android google java javax java android self-defined google self-defined,1
malware224,self-defined java android xml java android java xml android java android google android self-defined obfuscated self-defined android google java self-defined obfuscated obfuscated apache android java xml apache java self-defined android java android google java android xml java self-defined google java java android android self-defined google java self-defined android java java android xml java self-defined android java self-defined obfuscated android java self-defined obfuscated obfuscated self-defined java javax android android java java android java android google java android java xml java java android obfuscated java android java self-defined obfuscated java self-defined java self-defined google android java android google android google java android self-defined obfuscated android obfuscated android google google self-defined android android google java android,1
malware111,google self-defined google android java self-defined obfuscated obfuscated xml android android java android google self-defined android android java android self-defined google android android android java self-defined java obfuscated self-defined self-defined obfuscated java android self-defined obfuscated java javax java android self-defined java android google google java android java java java java xml java javax java android xml java google android xml android java android xml java android xml java google java java self-defined google android xml android java self-defined obfuscated java self-defined obfuscated google java android self-defined self-defined obfuscated android java android google java self-defined google self-defined android java android java java xml java android xml java javax xml java xml android java obfuscated java java java android xml java javax android xml apache self-defined java xml apache xml,1
benign132,java google self-defined google android self-defined android java self-defined obfuscated android self-defined android java self-defined obfuscated self-defined android java xml android self-defined java android android xml apache xml android self-defined java self-defined self-defined android java self-defined android java java xml android java android google apache java android android java android google self-defined android java self-defined self-defined google self-defined java google self-defined java android xml java xml obfuscated google android android self-defined java obfuscated java xml android android self-defined self-defined android java java android java self-defined obfuscated java java android xml java javax java apache android java android xml java android xml self-defined android java self-defined self-defined java java android xml java self-defined self-defined google java java android self-defined java xml apache java java android xml java self-defined android java java self-defined java xml android xml java java android google java android java android google android android self-defined java self-defined android self-defined android java android android android google,0
benign098,obfuscated obfuscated javax javax java android apache android self-defined android java android google java android google self-defined android android android google self-defined obfuscated obfuscated java self-defined android google self-defined java javax xml self-defined android java android google android android self-defined xml google google self-defined google java xml google self-defined obfuscated android xml self-defined android java xml android java android google java self-defined android google java javax xml android android xml java android google apache self-defined google self-defined java obfuscated obfuscated java android java android google android google self-defined obfuscated self-defined java android xml java self-defined java android java self-defined android java java android xml java self-defined android java google self-defined self-defined obfuscated javax android,0
malware199,google self-defined obfuscated self-defined obfuscated self-defined java java xml obfuscated self-defined java self-defined android java java self-defined java android self-defined android google android google java android xml java self-defined android java javax java android xml java android xml java java java self-defined self-defined self-defined self-defined google java android google xml apache android obfuscated self-defined android java java android java android google self-defined android google java android xml java self-defined obfuscated apache android google java javax xml android java android google java android xml java android obfuscated obfuscated java android java android google java android self-defined self-defined google obfuscated,1
benign041,self-defined android android self-defined self-defined android java self-defined obfuscated java android xml java android java self-defined obfuscated self-defined java android google java xml android java self-defined android java xml apache xml java self-defined java android javax xml android android self-defined java self-defined java java android java android google java android xml java self-defined xml self-defined android java android google android java self-defined android java apache java self-defined android java android java self-defined obfuscated javax android google obfuscated java xml apache xml android self-defined java android xml apache self-defined android java java java javax self-defined android java java xml android google self-defined java self-defined java,0
malware125,android google self-defined self-defined obfuscated self-defined self-defined self-defined java android xml java xml apache self-defined obfuscated android google android java self-defined obfuscated java javax xml android android google java android self-defined android java self-defined obfuscated google android google java android java self-defined java java xml google android self-defined self-defined android java self-defined java java android xml java self-defined obfuscated android self-defined java android self-defined self-defined google android java self-defined obfuscated android android google java android java android google java android java android java android google java java android android java,1
malware095,java xml android self-defined android java xml apache java apache self-defined obfuscated android xml java self-defined android java self-defined google self-defined self-defined android android xml android java java android google java android self-defined android java self-defined self-defined google self-defined xml java android android android self-defined obfuscated self-defined android android java android google android java android google java android self-defined java java self-defined java java android self-defined android java javax android google android xml self-defined android android xml self-defined self-defined self-defined java self-defined android java xml apache android self-defined obfuscated obfuscated android android self-defined java self-defined javax java android xml java self-defined xml java android self-defined javax xml java self-defined self-defined android java java android xml java xml android self-defined obfuscated,1
benign054,java android java android self-defined java java self-defined java java android xml java self-defined android java xml apache android google java self-defined xml apache java java java self-defined obfuscated android java self-defined obfuscated self-defined self-defined android self-defined java self-defined google java javax xml java google self-defined android java javax google self-defined google java xml android java javax java android javax android java self-defined obfuscated obfuscated android self-defined android java self-defined java android java self-defined obfuscated google android google self-defined self-defined xml java java android android java self-defined obfuscated obfuscated obfuscated java javax xml apache android java xml android google self-defined google android obfuscated obfuscated,0
malware196,android apache xml apache java android self-defined self-defined apache android self-defined android android android google android android google android android java android google java android self-defined java android java self-defined obfuscated self-defined java self-defined android java java android xml java java android xml java self-defined java self-defined android java android google android self-defined obfuscated java android java xml apache xml android android android android obfuscated android self-defined java google android self-defined android android apache self-defined obfuscated self-defined self-defined android java android google java android android java self-defined obfuscated android google java android xml android java android java self-defined obfuscated java android self-defined obfuscated android self-defined android java android android java android self-defined google self-defined android android android,1
benign024,android java android self-defined android java xml self-defined google android self-defined java javax self-defined android java self-defined android java android self-defined android java google android self-defined self-defined java java javax android self-defined java android java android google java self-defined java apache self-defined android java android java self-defined obfuscated self-defined java xml java xml java self-defined android java java,0
benign099,android xml android self-defined android java android xml java self-defined obfuscated self-defined self-defined java apache java xml java self-defined android java self-defined google android android self-defined java javax javax xml obfuscated obfuscated android google xml java android xml java self-defined obfuscated java xml android xml java,0
benign092,xml android java self-defined obfuscated self-defined self-defined obfuscated obfuscated self-defined self-defined google xml android self-defined self-defined android java javax java self-defined android android apache self-defined javax self-defined google android self-defined self-defined android java self-defined xml android android java self-defined obfuscated self-defined javax java android xml java apache java android java android google android android google self-defined xml java android xml java java java android android xml android java xml java xml apache java java apache java apache android self-defined android java self-defined obfuscated javax xml apache xml apache java android xml java javax java xml xml android obfuscated android android android javax android self-defined android java apache obfuscated android android android self-defined android java self-defined android self-defined,0
benign050,apache self-defined java android java android google android self-defined java xml java self-defined obfuscated java javax xml java xml android google obfuscated java javax google self-defined google android java self-defined obfuscated java self-defined android java xml android android self-defined java android self-defined java android xml apache android,0
benign160,google android java android apache java android xml java google self-defined google self-defined android obfuscated obfuscated apache java xml apache java self-defined self-defined android java android google android java self-defined obfuscated android google android self-defined java java xml java android java javax android java android java self-defined obfuscated java java android xml java android google android android self-defined android java xml self-defined self-defined android android xml apache google self-defined java self-defined android google self-defined obfuscated obfuscated java android java android xml java android java android google java xml self-defined android java javax obfuscated android java self-defined obfuscated obfuscated java android xml android java obfuscated java java xml apache android java self-defined obfuscated java android java android,0
benign069,google self-defined java android self-defined java obfuscated self-defined android java android google self-defined android self-defined android xml javax xml android self-defined java self-defined android java self-defined self-defined android java javax java android android google google javax android self-defined google google google java xml android google android xml android self-defined android java java android java android google android java google self-defined java javax android self-defined android java google android self-defined java javax android android java self-defined obfuscated self-defined android xml java android java android google java xml android javax android self-defined self-defined google self-defined android java android google android xml android self-defined android self-defined java xml google self-defined android android java android google self-defined obfuscated self-defined obfuscated xml android java android google google android self-defined obfuscated,0
benign040,google java java android xml java java java self-defined android java android javax java xml java java javax xml android self-defined java java android android xml java self-defined google android xml java java self-defined android java google self-defined android java xml google android java self-defined obfuscated android java android google apache android java java xml java android self-defined android xml android android java self-defined obfuscated obfuscated android self-defined self-defined android java google java android google java google android android google android self-defined android javax xml java android android java android java javax java java android xml java java android android xml self-defined android java xml apache self-defined self-defined android android android java xml java xml android self-defined google android google self-defined obfuscated obfuscated obfuscated android xml apache android java java javax android android google android android android xml java self-defined android java android xml obfuscated obfuscated,0
malware034,android java self-defined self-defined android java javax java google self-defined android java self-defined obfuscated java java android self-defined android java android google android self-defined android java android self-defined android java android google google java android android java android google android java android xml java java java android google java android xml java javax java self-defined java self-defined self-defined obfuscated self-defined google self-defined self-defined google self-defined android java java java android xml java android self-defined google self-defined java self-defined google java java self-defined android java self-defined java java android xml java obfuscated self-defined java android xml android android android java android google android xml java javax java android java self-defined obfuscated javax android java android google java android xml java java self-defined google obfuscated self-defined obfuscated self-defined android java self-defined google android java self-defined obfuscated android java android google android,1
benign042,apache xml javax java java android xml java javax java java java android google java android xml java xml apache xml android xml android self-defined self-defined android android android self-defined java obfuscated self-defined obfuscated self-defined android java self-defined android java java android xml java xml android android xml java xml self-defined android java android java self-defined obfuscated javax xml google android google java android xml java android java android google java obfuscated android java google java android self-defined self-defined android java java javax java xml self-defined java obfuscated self-defined android self-defined java android self-defined android java android google xml apache xml javax java obfuscated apache google java xml java xml android xml google self-defined java java xml java javax java android xml apache self-defined android java apache xml java java android javax java xml self-defined obfuscated java javax java,1
benign076,javax self-defined android java java self-defined android self-defined java android android xml obfuscated java google java xml java xml android google android java google java self-defined android java java java java android xml java java java self-defined java android google android android google javax java android xml java android xml java self-defined android java self-defined android self-defined java javax xml java self-defined android xml self-defined android java java android self-defined java android self-defined android java self-defined javax javax self-defined android java java javax java android java android google android android self-defined obfuscated self-defined android java xml java android java self-defined obfuscated java self-defined android google java self-defined android java javax apache android self-defined java self-defined java java javax self-defined android java self-defined,0
malware007,javax java android java self-defined obfuscated android android xml android google java android self-defined self-defined android google java android self-defined obfuscated java apache self-defined java android self-defined self-defined android self-defined java android xml java android google android java java java self-defined android java android google self-defined self-defined obfuscated java self-defined google self-defined google java java android java android google android java android self-defined obfuscated google android android self-defined java android java android google android android java android google android self-defined google java android java javax java android self-defined java self-defined google java java android xml java java xml java javax xml apache self-defined java javax self-defined google self-defined google java self-defined java android,0
benign233,self-defined self-defined android self-defined android java android self-defined java android google self-defined self-defined java self-defined android java self-defined android java android xml android obfuscated apache java self-defined google javax java self-defined self-defined apache xml apache android xml apache java obfuscated android android java android self-defined java android java android google java google android google java xml java android java android google self-defined android java self-defined android java google javax android android android android java self-defined obfuscated self-defined obfuscated android java self-defined obfuscated android java android xml java google android java android xml java google java xml apache java java android xml java java android java self-defined obfuscated self-defined self-defined self-defined javax java android self-defined java android,0
benign001,android android google self-defined android java self-defined android java self-defined android java self-defined self-defined obfuscated google android self-defined obfuscated self-defined java javax self-defined android java java self-defined xml apache java android self-defined android java java self-defined java java xml javax android java javax obfuscated android android java javax android java self-defined obfuscated java javax java xml java self-defined,0
malware008,java android self-defined java android xml java android java android self-defined java android android xml java java android self-defined google java android self-defined android xml apache java java javax xml java android java android google android google java android xml android google android self-defined java android xml java javax java apache self-defined android java self-defined obfuscated android java self-defined obfuscated google android google java xml android java java java self-defined java android java android google android java android google java self-defined google android obfuscated self-defined self-defined self-defined javax java,1
benign022,java android java android google android android android java self-defined obfuscated self-defined java self-defined android java java android java self-defined java xml android android xml apache java google self-defined android java android self-defined google java android xml java self-defined android java android java android google java android xml java android java android self-defined android self-defined java javax android self-defined android android google google obfuscated java android xml java xml android android xml java java xml obfuscated java android java java android xml java xml android android google java android java android google self-defined self-defined self-defined obfuscated obfuscated android java apache java android xml java javax obfuscated android java android self-defined android android java google self-defined java javax android google self-defined java,0
benign074,android self-defined android xml android android java self-defined obfuscated self-defined android android android java self-defined obfuscated android self-defined java java xml android java self-defined obfuscated self-defined self-defined google android self-defined android self-defined self-defined javax apache android xml javax android javax android android self-defined java xml android xml javax self-defined android java java android java self-defined obfuscated android android self-defined google android java self-defined google android java android android self-defined android android java android google self-defined self-defined google android xml java android xml java xml javax android java java android xml java android android java self-defined obfuscated self-defined java xml android google android android,0
benign065,java java self-defined java java android xml java obfuscated obfuscated obfuscated android obfuscated android google java self-defined google apache android xml android self-defined android java android java obfuscated android javax self-defined android java android java android google self-defined android google android java self-defined obfuscated java self-defined java self-defined obfuscated self-defined obfuscated android self-defined android java self-defined obfuscated java android self-defined java self-defined android java android xml java android google java,0
malware234,android google java xml android google java android self-defined java javax xml java java android java android java android google java xml java self-defined android self-defined android java android java android google javax java xml android android java android android java self-defined java android xml java self-defined android java self-defined android google java android self-defined java android javax android java java android xml java android self-defined self-defined google xml obfuscated android self-defined android self-defined java java javax android self-defined android java self-defined google self-defined self-defined android android android android java self-defined obfuscated self-defined android google java java android xml,1
benign005,google android java apache android xml xml apache android google android self-defined android java self-defined android java xml android javax android java android google self-defined self-defined android java xml android android apache android java self-defined obfuscated obfuscated android self-defined google google android google self-defined self-defined android xml java android java self-defined obfuscated obfuscated xml google android self-defined self-defined android java self-defined self-defined android self-defined java xml self-defined self-defined android xml java self-defined self-defined obfuscated java self-defined self-defined android self-defined java android java self-defined obfuscated obfuscated java android xml java xml self-defined android java java javax xml android android self-defined java android self-defined,1
benign090,google self-defined android java java self-defined android google java android xml java apache self-defined android java obfuscated android self-defined java android xml apache self-defined android java android android self-defined java xml apache self-defined android android android java xml java xml java apache self-defined xml java self-defined obfuscated java android xml java android java android google android self-defined google java xml java,0
benign021,obfuscated xml apache obfuscated javax java android java self-defined android java java android self-defined obfuscated java android android xml self-defined android java java android xml java java android android java android google java javax java javax android java self-defined obfuscated android java javax java google java google java google android apache self-defined android java android google android self-defined java java google java xml apache javax self-defined android java javax android java self-defined obfuscated self-defined self-defined android java xml android self-defined java java self-defined android java self-defined android java android google android java java javax java self-defined android android java android google android google android self-defined java android self-defined java javax self-defined obfuscated obfuscated java android xml java xml android java android google self-defined javax xml apache,0
malware048,javax java java java java apache java android self-defined obfuscated android java android google google java java self-defined google android javax javax android java android google android java self-defined obfuscated android java android google android java xml android android java android xml java android java self-defined java java apache java android android android xml java android self-defined obfuscated apache java android java xml android java self-defined obfuscated android java self-defined obfuscated apache java xml apache android java android google android google java android xml android java self-defined obfuscated self-defined android java android xml java apache obfuscated java android xml java android self-defined android java self-defined android java java self-defined java xml java java android xml java obfuscated android java javax android google javax xml self-defined android xml java java android xml java java android java java android android java android xml java android self-defined java javax java java java android google java android self-defined,1
malware004,android google self-defined android android google xml android apache android java android self-defined android android xml android java android self-defined android java android google android google java android android java android xml java java google self-defined android android java self-defined obfuscated android java self-defined obfuscated self-defined android java self-defined android java android google android android google java android android java android android google java android android java self-defined obfuscated obfuscated android self-defined java android java android xml java java self-defined android android xml google java android xml android android self-defined android xml java android self-defined obfuscated android java android self-defined obfuscated android self-defined xml java google java java java obfuscated self-defined java java self-defined android java java android java self-defined obfuscated obfuscated self-defined android java android android android xml android google android obfuscated android java self-defined obfuscated java self-defined android,1
benign143,apache java java self-defined android java android android android java android google android java android google android google java self-defined obfuscated android self-defined java android self-defined java java android self-defined java apache self-defined android javax java android java self-defined obfuscated obfuscated java self-defined android java xml android google java android self-defined android java self-defined obfuscated android java android xml java self-defined self-defined android java java android xml java self-defined java android xml java android self-defined java android android java android google self-defined google self-defined self-defined android java obfuscated self-defined java java java java java javax obfuscated obfuscated self-defined android java android java self-defined obfuscated java java self-defined android android self-defined java android java self-defined google self-defined self-defined android java android self-defined java self-defined apache self-defined android java self-defined obfuscated java java android self-defined java android self-defined android java android google java google java java java xml javax self-defined android java android google google android google java,0
malware050,apache self-defined android java android google java java android xml java obfuscated self-defined android xml java android java android google java java android google java android android self-defined self-defined self-defined java javax android android self-defined obfuscated java java android self-defined apache xml android google java android android android android java android xml java android google java android java self-defined obfuscated self-defined self-defined obfuscated self-defined self-defined android java javax java self-defined google self-defined self-defined java java android self-defined android java xml apache android java java javax xml apache android self-defined obfuscated self-defined java android google java android xml java android self-defined google java android android java android google java self-defined obfuscated android apache java java javax java self-defined android google java javax android self-defined self-defined android self-defined,1
benign182,xml android android java self-defined java android xml java java javax xml java xml apache self-defined self-defined google self-defined google java android xml java java android self-defined android java android self-defined android java android java android google self-defined self-defined android java javax xml android javax android self-defined self-defined xml java javax xml android java self-defined obfuscated android android java android self-defined obfuscated java android java java android java self-defined obfuscated obfuscated java android google java javax java,1
benign016,javax android xml google android java android google java google java self-defined android android java java android xml java xml java self-defined java android android java android google android javax java self-defined android java java javax android java android xml java apache android android android self-defined java android google android java javax xml java xml android java self-defined obfuscated obfuscated self-defined google android java self-defined self-defined javax android android self-defined google java self-defined java xml java xml android self-defined java self-defined android java xml apache android android android self-defined google java xml java java java self-defined self-defined android self-defined javax android google self-defined obfuscated android self-defined google java xml android xml java apache xml java java android self-defined java xml self-defined java javax xml xml android java android xml java self-defined,0
benign130,self-defined obfuscated obfuscated android self-defined java self-defined google self-defined android java self-defined obfuscated xml apache android android java self-defined obfuscated obfuscated self-defined obfuscated obfuscated self-defined java self-defined javax java xml java apache android self-defined java android android java android google google android java self-defined obfuscated obfuscated java android xml java google java android java xml android java javax xml java java javax android google android self-defined self-defined google self-defined android java java javax java java java java java java self-defined obfuscated android java android google self-defined obfuscated android self-defined obfuscated android self-defined android java self-defined android java android self-defined obfuscated self-defined google xml java android java xml java java java android xml java javax xml java xml apache java javax android google android self-defined java java javax java java javax self-defined google android java android google java java apache android android xml self-defined javax obfuscated obfuscated android android java javax android xml self-defined android android java,0
malware181,java xml java self-defined obfuscated android android google java android xml java java javax java android java android xml apache self-defined android java android google self-defined android java self-defined obfuscated obfuscated android self-defined google javax obfuscated obfuscated android google android java self-defined obfuscated self-defined android android java android self-defined java javax android android google java android android self-defined android java javax xml java android self-defined java java java self-defined google self-defined obfuscated self-defined android java android java android java apache android android android,1
malware143,java android java self-defined obfuscated android java javax xml android android google android java android java android google java android android obfuscated java java android self-defined obfuscated java java javax java android self-defined google android self-defined android java xml java javax android java android google java xml java xml android android self-defined java self-defined java java android java android google self-defined google self-defined obfuscated android,1
benign056,java android self-defined java java android java xml java self-defined java java self-defined android java android android javax android google android java xml google self-defined self-defined google android java self-defined android java xml apache self-defined android android java self-defined obfuscated javax android xml android self-defined android self-defined java xml apache android google java self-defined obfuscated java android java self-defined obfuscated android java self-defined google android java android self-defined android java self-defined obfuscated android self-defined android java xml apache android java self-defined obfuscated self-defined android java javax java apache java android google self-defined self-defined android java apache android google java java xml google java java google android java android google apache android self-defined java java xml apache xml android self-defined android self-defined,1
malware154,java java java android xml java java self-defined self-defined self-defined obfuscated obfuscated obfuscated obfuscated xml apache java android java android google java java self-defined android java java android java android xml java xml java self-defined google java android java xml android self-defined obfuscated android google self-defined java apache android self-defined obfuscated obfuscated android java android google android java android google android xml apache java self-defined java java javax android self-defined obfuscated java self-defined self-defined android java android google android android android java android google java google self-defined java java self-defined obfuscated obfuscated self-defined javax google java xml apache xml javax android google java android google obfuscated obfuscated obfuscated java android java android self-defined android java self-defined obfuscated java android xml apache android google android xml android android obfuscated android google java android android java self-defined obfuscated javax android,1
benign173,android self-defined self-defined android java android self-defined google android self-defined java android self-defined android java javax self-defined google self-defined self-defined java java javax obfuscated java android xml java xml apache self-defined android google obfuscated android java self-defined obfuscated android self-defined java android self-defined java xml android obfuscated java javax xml apache self-defined android java google java xml android google android android java android google java self-defined self-defined android java android self-defined java java xml java android xml java android self-defined,0
benign203,java java java android google java xml apache android java android google java self-defined android xml android self-defined obfuscated obfuscated android google self-defined java java android android java android google java android self-defined java java self-defined android self-defined java java apache android google java google self-defined android self-defined java javax xml apache android google self-defined android java java self-defined android java self-defined self-defined self-defined obfuscated android java self-defined obfuscated google java java xml javax java java android self-defined android java self-defined obfuscated obfuscated self-defined self-defined java javax java android java android google android java android google self-defined android java android java self-defined obfuscated obfuscated java self-defined android java java javax apache java self-defined android self-defined android android android self-defined android java java self-defined google self-defined android google java xml apache xml java,0
benign156,google self-defined android java obfuscated java self-defined android java self-defined android android java java google java android self-defined java self-defined android obfuscated java android java android google self-defined java self-defined android java java self-defined android java java self-defined android java obfuscated android android google java android xml java android android android self-defined google java javax java javax xml android java android google javax android self-defined,0
benign180,android javax self-defined android google obfuscated self-defined android java java google android java xml self-defined android java java google java self-defined android java android google self-defined android self-defined java java self-defined java android xml java java javax android self-defined android android google self-defined apache self-defined self-defined android java java self-defined android self-defined java xml apache java java android xml java xml apache self-defined self-defined google java self-defined java java android android self-defined android java java javax java android java self-defined obfuscated android xml self-defined android java android android self-defined java java google android xml apache android android java self-defined obfuscated android android java javax android android self-defined java javax android java self-defined obfuscated android java android google android self-defined java self-defined android java self-defined android self-defined self-defined javax java javax android java android xml java self-defined java android,0
malware120,android java android self-defined java java java java javax xml apache java android xml java self-defined android java android java android google self-defined self-defined google self-defined java android xml java xml javax android google java android android java android xml java java javax android android self-defined java android java android google java java java java xml,1
benign224,java android xml java java android java android google java android xml java java java javax java javax java android java android google java xml apache android self-defined self-defined java xml apache java android xml java self-defined android self-defined java android android javax obfuscated obfuscated android self-defined self-defined google android self-defined android java android google java java obfuscated android google javax android java android google java self-defined android java android google self-defined self-defined java java,0
benign190,google self-defined google self-defined android java java self-defined self-defined android java android self-defined java android xml xml java obfuscated java java javax xml apache java android xml self-defined obfuscated self-defined java android xml java android self-defined android java javax self-defined android java self-defined android android java android google android java self-defined android java javax self-defined self-defined android java java android google self-defined android self-defined java xml android java xml android google android android self-defined java android java self-defined obfuscated java android google android self-defined java java android google self-defined self-defined self-defined self-defined google android java self-defined obfuscated self-defined google android java android java self-defined,0
benign089,apache android self-defined obfuscated self-defined android java java java java google java self-defined android java self-defined android java self-defined android google self-defined apache java javax xml self-defined android java self-defined self-defined android java java java self-defined xml java xml android self-defined android java android java xml self-defined android java xml javax xml android java android google xml apache java android xml java self-defined xml java self-defined java android xml google java java java java javax java javax android java self-defined obfuscated self-defined android java android google android java self-defined obfuscated obfuscated android google android java android xml java self-defined android java javax android java android google java self-defined self-defined google self-defined self-defined android java java android apache obfuscated java android self-defined android android self-defined java self-defined android java self-defined obfuscated android apache android java self-defined obfuscated obfuscated obfuscated self-defined android java obfuscated android self-defined self-defined java self-defined android java,0
malware040,android xml java android android self-defined java javax android google java android java self-defined android java javax android android java android xml java android xml java android obfuscated android java android google java android java android google android java android google self-defined java javax java java xml apache self-defined google java javax xml google google apache android google apache java android java android google android apache self-defined android java android google self-defined android java android xml java xml java javax java java android xml java java xml android xml java android self-defined java javax java self-defined android java android google self-defined android apache xml apache self-defined android android android android java self-defined android google java android android java,1
malware137,self-defined android java android google java self-defined obfuscated java xml apache android java javax xml apache android android java self-defined obfuscated self-defined java javax xml google java java self-defined self-defined obfuscated obfuscated android self-defined android java java android self-defined java java java android google java android android android google java android google self-defined android java self-defined obfuscated java javax xml android javax java java android google java android xml android android self-defined obfuscated android java android google android java self-defined obfuscated obfuscated java javax android android java self-defined obfuscated self-defined android google self-defined android java android java android google java android xml java java android self-defined obfuscated java android xml java xml self-defined android java xml apache android google java android android android google java android self-defined android java android java self-defined java android java google android google java android android self-defined android java xml android self-defined obfuscated obfuscated obfuscated android xml android xml apache self-defined self-defined android,1
malware132,java self-defined google obfuscated self-defined android java java android self-defined android xml android google self-defined javax xml android java android google android javax xml apache java apache android java xml java xml java xml java obfuscated obfuscated obfuscated obfuscated self-defined android java android xml java android self-defined xml android google android java android google google android javax xml apache android java,1
malware045,obfuscated android android google java android google java xml xml java android self-defined obfuscated android android android google java self-defined java android android android android java self-defined obfuscated java xml android google apache android apache android android java self-defined obfuscated android java self-defined obfuscated self-defined android java android java android google android self-defined obfuscated obfuscated android self-defined google self-defined obfuscated obfuscated java android java android google android xml java self-defined android java self-defined obfuscated android google android java self-defined self-defined java android java android google obfuscated obfuscated obfuscated java android xml java android java google self-defined self-defined java java java self-defined java android self-defined obfuscated self-defined java android self-defined java java javax self-defined,1
malware136,javax self-defined android java javax xml java xml apache xml android java self-defined google java android xml java javax java android android java self-defined obfuscated java xml obfuscated java xml google java android self-defined java android xml apache android java android google java obfuscated java javax obfuscated javax java self-defined google self-defined android java java android self-defined java android self-defined java xml android java android xml java self-defined obfuscated self-defined java java xml android android apache java android self-defined java android android java self-defined obfuscated apache android android java self-defined obfuscated android,1
malware090,android self-defined google self-defined obfuscated java xml apache xml android java self-defined obfuscated self-defined android java xml java android java self-defined google android google java android android java self-defined obfuscated self-defined google java xml android google self-defined android java android google android java self-defined obfuscated self-defined android java xml java android java android google java xml java android xml java java java android google android google java android java java android java self-defined android java xml apache xml javax java android java self-defined obfuscated android google self-defined self-defined android java android java self-defined obfuscated android java self-defined obfuscated java android java android google google java android java java android android java android google android android android xml xml android android self-defined android java self-defined obfuscated android,1
malware071,java xml apache google android xml android java android google java self-defined android android google java android android java android java xml javax obfuscated android xml android obfuscated self-defined android android google java android self-defined self-defined java self-defined android java apache xml java java android self-defined xml android google java android android google android google java java java android self-defined self-defined android google self-defined obfuscated self-defined google self-defined android android xml xml java android java java android xml java self-defined obfuscated self-defined java self-defined android android android java android google self-defined android java javax xml java google self-defined java xml apache android obfuscated android android self-defined android google java android google android xml java android xml java javax android google java android xml self-defined android java xml java xml google google self-defined google self-defined android,1
malware076,google apache apache android java java android self-defined obfuscated self-defined java android self-defined self-defined android java self-defined obfuscated android java android self-defined self-defined android java self-defined obfuscated self-defined java android xml java java android self-defined obfuscated self-defined android self-defined self-defined google android java android xml java self-defined android java android google self-defined android java self-defined obfuscated android,1
malware079,android java java android self-defined java self-defined android java self-defined java android self-defined obfuscated java android xml java self-defined obfuscated android java android google android google java android android xml java android java android google java xml java self-defined android java java android java self-defined obfuscated obfuscated self-defined javax xml java android,1
malware182,java java javax java self-defined self-defined obfuscated java self-defined google android android java self-defined obfuscated java android xml java java java xml android java java android google java android java java google java android self-defined google javax android self-defined obfuscated android java java android self-defined obfuscated obfuscated java javax java android xml google android google android xml apache android android java android self-defined obfuscated java android self-defined java javax java android self-defined android java xml android javax android java google self-defined obfuscated android obfuscated java java android xml java self-defined self-defined android java android google java,1
malware117,xml java self-defined android google java android android java android google apache java android self-defined android google android android javax java javax java android google android android self-defined obfuscated self-defined android self-defined self-defined self-defined android self-defined google self-defined self-defined android xml xml android java android google java javax,1
benign017,xml java java android xml java xml android xml android android java self-defined obfuscated obfuscated xml apache java android xml java android java self-defined obfuscated obfuscated obfuscated google self-defined android java self-defined android java self-defined obfuscated android google java self-defined android java android xml android java android google javax java xml android google self-defined google android google android android java android google self-defined self-defined self-defined java self-defined android,0
benign045,xml android java self-defined obfuscated android google android java self-defined obfuscated android self-defined java android self-defined javax java java android xml java java java android xml java self-defined android java android google android self-defined java self-defined obfuscated obfuscated xml self-defined android java self-defined android google self-defined android java self-defined google google self-defined java self-defined android java android android java self-defined obfuscated self-defined android self-defined java android xml google self-defined android self-defined android java apache self-defined android java google android java self-defined obfuscated android self-defined self-defined obfuscated obfuscated java javax android google java javax obfuscated android android java self-defined android xml java java android java android xml java xml android android google self-defined google android self-defined self-defined android java self-defined obfuscated java android javax xml google android xml android javax android javax android android java android google java android xml java android self-defined android,0
benign097,xml java self-defined google java java xml android android google self-defined android java android self-defined java java android xml java xml xml android java self-defined obfuscated android android android java xml java java java obfuscated android java self-defined obfuscated obfuscated javax android android android android java android xml java android xml java java android xml java javax xml apache java xml java android self-defined self-defined android self-defined android java android self-defined android self-defined java google self-defined apache obfuscated xml android apache android java obfuscated java self-defined android java android android java self-defined obfuscated self-defined self-defined android self-defined java java self-defined android java java self-defined android google java self-defined android android self-defined java android google self-defined google java android self-defined xml javax java self-defined android java javax android self-defined android java self-defined java android xml java android javax android apache self-defined obfuscated javax,0
benign096,apache android self-defined self-defined apache java self-defined android xml google apache android google self-defined java java self-defined xml java android xml java javax android android xml google java javax java java java xml self-defined android java java android java android google android android javax android java obfuscated self-defined android java google android google self-defined android android google self-defined self-defined self-defined android self-defined java java java android self-defined java java self-defined android java xml self-defined android google self-defined google javax xml xml android android java android google java android java android google google javax android java android,0
malware006,self-defined java javax xml android java xml self-defined obfuscated self-defined android java xml android android google java android java android xml java java android xml java javax java java android java android xml java android android java java android xml java android android apache xml android google self-defined xml java android self-defined android google java android android java android google android android java android google android android java android google xml android java android google android android google google self-defined java android self-defined android java java xml apache self-defined self-defined obfuscated javax xml apache java android xml java android java java java self-defined google android google java android java android java android google java self-defined android java,1
benign104,java java java android google java android xml java self-defined self-defined java java xml apache xml java xml obfuscated self-defined self-defined android java self-defined android java xml android android java android xml java javax android self-defined java java xml android xml android java self-defined java self-defined obfuscated obfuscated self-defined google android self-defined self-defined google android self-defined self-defined android java xml javax xml java android java self-defined obfuscated obfuscated obfuscated apache self-defined android java self-defined obfuscated obfuscated java android self-defined obfuscated obfuscated java xml apache java xml self-defined java xml android android android java android google android java javax android google android android java android google java android android self-defined java java java java xml java java java java xml java xml java android self-defined self-defined google android xml apache android android xml android,0
malware188,java self-defined android self-defined xml android google java android android self-defined android java android google obfuscated android xml apache self-defined java android self-defined obfuscated self-defined obfuscated java android self-defined android self-defined obfuscated obfuscated java xml java xml android java self-defined obfuscated apache self-defined javax android android google java android android google java android android self-defined java self-defined self-defined android java javax android android java android self-defined android java,1
malware145,xml java xml apache java java android xml android java self-defined obfuscated java android self-defined android self-defined android java self-defined obfuscated self-defined self-defined google android google xml android google java android android self-defined google android java self-defined android java obfuscated java self-defined apache javax self-defined android java java java android xml java google java javax xml java android xml xml android java android xml android java android google android self-defined obfuscated xml java self-defined google java self-defined android java xml google android javax java android xml java java javax java xml android java self-defined obfuscated java android java android self-defined java android java javax android java android google self-defined java android java self-defined android java java android java self-defined obfuscated java self-defined android,1
malware171,self-defined java java google android java xml java android java android self-defined google java java android xml java javax self-defined obfuscated obfuscated android java java java java xml java javax java android xml java javax java java android self-defined android java java android xml java javax self-defined android java android xml java java xml apache android java self-defined obfuscated java self-defined java java self-defined android java self-defined obfuscated self-defined java java android self-defined self-defined obfuscated self-defined android java android google self-defined self-defined java self-defined javax android android android google apache android java apache java android android google self-defined java java java android javax android google java android xml java obfuscated java java android xml java android android,1
benign111,android java xml android java self-defined obfuscated self-defined google self-defined android java self-defined android java xml android android apache android apache java android android self-defined java google apache java android xml java xml apache java xml apache java javax obfuscated self-defined android java xml xml java android xml java javax android java self-defined obfuscated android java android google self-defined java android java javax xml java android xml java android self-defined google javax java android java android google java android java android google self-defined android apache javax self-defined,0
malware062,java javax java xml android self-defined android java android xml obfuscated java android google self-defined java javax obfuscated android android java android google self-defined android android google self-defined java self-defined android java javax android android java obfuscated java android self-defined obfuscated android self-defined java javax google java android java android google apache,1
benign102,java xml android android android self-defined java javax java self-defined android java self-defined google android self-defined java xml xml java self-defined xml google android java obfuscated android self-defined java apache xml java java android java self-defined obfuscated android xml java self-defined android android self-defined java javax xml self-defined self-defined android java android java self-defined obfuscated self-defined android java xml self-defined self-defined android java self-defined obfuscated java android xml android self-defined self-defined google java self-defined java javax java self-defined android java apache java xml java javax android java android self-defined google java xml java javax android java android java android xml java android self-defined android android java java apache self-defined java java,0
malware170,android google java android self-defined android self-defined android java android javax java android xml java android java self-defined android google java android java xml java xml java javax xml javax android java android xml java android java self-defined obfuscated javax android java self-defined obfuscated java obfuscated java android self-defined java java self-defined self-defined obfuscated android java self-defined obfuscated android java android apache android self-defined android self-defined javax android self-defined android java xml google google google java android android google java android android java self-defined android google java android android xml apache android xml android java android self-defined google android java android google java java self-defined obfuscated android self-defined android java javax android,1
benign145,google android java self-defined obfuscated self-defined java java java android android java xml java self-defined android java self-defined android java android self-defined java android java self-defined obfuscated android java self-defined android java java xml android apache java xml android android self-defined java java android java self-defined obfuscated android android self-defined java android google self-defined google javax google self-defined java java android xml java java self-defined android java java xml apache android google self-defined obfuscated android java self-defined obfuscated android java android xml java google java javax android java android google self-defined apache self-defined java apache self-defined android xml apache self-defined self-defined obfuscated java java android google java google google java xml apache android java android,0
malware064,google java android xml java xml android java self-defined obfuscated self-defined android java android java self-defined java self-defined android self-defined android obfuscated self-defined android android java self-defined android xml java android apache self-defined self-defined android android self-defined obfuscated google google android google android java self-defined obfuscated android self-defined java android self-defined java java google android xml android java xml apache xml xml apache java xml java android self-defined obfuscated android java android google javax android android javax java,1
benign119,android java self-defined android java javax android google xml android java android google self-defined java javax apache android google apache self-defined google xml android java java android xml java java android xml java xml apache self-defined java obfuscated android xml android javax java java java javax android android android java self-defined obfuscated android self-defined obfuscated self-defined google self-defined obfuscated java java self-defined self-defined android java javax self-defined android self-defined java java xml android java javax java xml xml apache javax android android self-defined java java android xml java javax xml self-defined android java self-defined android self-defined android java javax android java,0
malware245,java android java android google android javax xml apache apache android self-defined self-defined java google google android android java self-defined self-defined java android self-defined google android java android xml java android android google java android java xml java xml android android google java java apache android obfuscated android java android self-defined java javax android java self-defined obfuscated java android self-defined self-defined apache android xml google java java android self-defined android xml android self-defined android java,1
benign059,android android apache xml java android xml java android obfuscated java android java android google android self-defined java xml android self-defined java java xml self-defined android java google java self-defined android java javax android google java self-defined android google java java java self-defined google java xml xml java xml java android xml java google android java xml,0
benign095,android java javax java android android google android obfuscated android java javax android self-defined java android self-defined java javax self-defined android java android self-defined android google self-defined android java java java java java android java android java android google apache java xml android android java android google google java java android android self-defined java self-defined self-defined java self-defined android google android self-defined android obfuscated self-defined javax android self-defined android self-defined java self-defined google android self-defined java google android java android xml java android self-defined obfuscated android google javax android java java android xml java javax java javax xml java self-defined obfuscated android java self-defined android java android java android apache java xml apache android self-defined java xml android obfuscated android java android google android google android java,0
benign139,xml android self-defined obfuscated android android self-defined javax java xml apache android java self-defined obfuscated android java self-defined obfuscated java android self-defined google java xml java javax java self-defined java java xml java android java java self-defined android java xml java android android self-defined java java self-defined obfuscated java android self-defined android android self-defined android self-defined java java java xml android self-defined java self-defined android java android google android android java self-defined obfuscated self-defined xml apache xml android self-defined google android android java self-defined obfuscated self-defined java self-defined android java xml apache google java android xml java google android java android google java obfuscated self-defined google google self-defined android java android java android xml apache java xml java java android self-defined android java xml android android android java android xml java self-defined apache android self-defined java android android java android google self-defined android java android java javax xml android,0
malware096,google self-defined obfuscated android google java android obfuscated android google android android self-defined obfuscated android android java xml javax google android android java javax java javax android java obfuscated obfuscated android google java android google self-defined android android java self-defined obfuscated obfuscated java xml java android google self-defined android java android android java self-defined obfuscated apache self-defined self-defined java android xml java android java self-defined obfuscated android xml apache android java self-defined obfuscated java xml java self-defined java android self-defined obfuscated self-defined android self-defined android self-defined android java android java self-defined obfuscated android self-defined java self-defined java android xml java obfuscated self-defined android android self-defined java android google self-defined self-defined android android google self-defined google self-defined obfuscated self-defined android java xml self-defined android google java android self-defined android java java android java android google android xml apache android google java android google java android self-defined self-defined obfuscated java apache android android android self-defined android,1
malware083,obfuscated android javax self-defined android java android google obfuscated java android android java android google java xml java java google java java android google java android google android google android google java android javax java xml android java obfuscated android android google self-defined android java xml java javax xml java android xml java android java self-defined obfuscated android java android google java android java javax javax java android google java android android xml android self-defined obfuscated java android self-defined google self-defined android java xml java google java google,1
benign152,android java java xml android self-defined java javax xml android java self-defined obfuscated javax google android google android android java self-defined obfuscated self-defined android self-defined java obfuscated android java android google self-defined google android xml xml java javax java self-defined android java xml android obfuscated obfuscated java obfuscated self-defined google java self-defined self-defined google android self-defined java javax java android xml java xml java java obfuscated obfuscated android java android google android self-defined java self-defined self-defined self-defined android java android google android android xml java java android xml java self-defined java android android self-defined self-defined google self-defined android android self-defined java self-defined java self-defined xml apache android google java self-defined android java android self-defined obfuscated self-defined javax,0
benign247,android java android xml java self-defined android javax google java android self-defined android java self-defined self-defined obfuscated obfuscated android self-defined java xml android obfuscated android java android google java self-defined android java android java self-defined obfuscated self-defined android java android google self-defined android java android self-defined google android java javax android android google android xml java self-defined android java android android self-defined java android xml apache javax self-defined obfuscated android android java android google java google java xml android self-defined android android self-defined java android self-defined java java android xml java java android java java google self-defined java xml java android xml java android java self-defined self-defined android self-defined self-defined android java android self-defined java apache xml android android apache java android java android google android java android google java android java javax android java android xml java android java android xml java javax,0
benign126,java android self-defined google self-defined android self-defined android java self-defined android java google java java android xml java java java javax xml android android xml java xml java obfuscated javax android self-defined java apache java self-defined java android xml obfuscated self-defined obfuscated obfuscated self-defined android xml android xml android java self-defined obfuscated obfuscated java android apache android xml android self-defined java android xml java android android self-defined java javax java self-defined java android javax android android java android google self-defined android java android xml java java xml java android android self-defined android java apache java apache android self-defined self-defined java android java self-defined android android java self-defined obfuscated java xml android java android google android self-defined java self-defined self-defined self-defined java google android google self-defined google self-defined obfuscated self-defined android xml android self-defined java javax android java java android xml java android java android google obfuscated self-defined,0
benign181,android android java android google java java javax xml java android java self-defined obfuscated java java android android android xml apache java self-defined android self-defined android java java android java android google android android android java android google self-defined obfuscated java android xml java javax java self-defined android java self-defined obfuscated obfuscated java java javax android java android self-defined android java javax android android java self-defined obfuscated obfuscated android xml android xml google self-defined android java android google android android self-defined android java self-defined obfuscated self-defined xml java android google java android xml java javax self-defined android java javax java javax javax android self-defined google javax android self-defined java java java java java self-defined android java xml android xml android self-defined android java java self-defined android java self-defined obfuscated javax xml java javax java javax android self-defined apache self-defined android google java self-defined android java self-defined obfuscated java android xml java java android xml java android android,1
benign239,android self-defined android java xml android java android google self-defined obfuscated self-defined android self-defined javax self-defined android java javax android java android self-defined android java xml android android android self-defined android google self-defined android java android google google obfuscated xml javax java java self-defined apache self-defined android apache xml android self-defined google android java android self-defined android android android google self-defined android android android google java javax android xml android java android google self-defined android obfuscated android google android android java android google java android xml java java android xml java self-defined java java android java android google java self-defined self-defined xml xml apache java android google java android xml java java java java android self-defined self-defined self-defined android java java android xml java xml apache java xml android android xml apache java android xml java apache android android java java self-defined self-defined android java,0
malware025,xml apache android google java android self-defined obfuscated xml self-defined android java android xml android xml apache self-defined obfuscated google java android xml android self-defined obfuscated obfuscated android self-defined apache self-defined obfuscated self-defined obfuscated java javax android self-defined android google google self-defined java self-defined google java java android google java android self-defined android java android self-defined xml self-defined android java android android google java android self-defined android android java android self-defined,1
malware010,xml android java self-defined obfuscated android google java self-defined self-defined javax android google java android java self-defined xml android java self-defined obfuscated java android self-defined java java android self-defined java android xml java java self-defined java java android self-defined obfuscated java android self-defined java xml apache android java java java javax xml java self-defined google android google java android google self-defined apache android android java self-defined obfuscated self-defined google android xml android self-defined java android self-defined javax xml java self-defined android java java android xml java javax android google java android android google java android google java android xml,1
benign007,apache xml android android java self-defined obfuscated self-defined android java android java android java self-defined self-defined javax android android google android java android xml java android self-defined google self-defined google java android java android google self-defined google java android xml java self-defined self-defined android self-defined android java javax java javax java self-defined android java android java java self-defined google java java xml java xml android google java google self-defined android java,0
benign043,java self-defined java android xml java self-defined java android android self-defined android java self-defined obfuscated self-defined android java obfuscated self-defined self-defined self-defined android obfuscated android java javax xml java android java java javax android self-defined java google java android xml java java java android xml java javax android java android xml java self-defined java java javax android self-defined android java xml android android java xml self-defined android java android java android google self-defined self-defined android java android java self-defined obfuscated obfuscated android self-defined android java android google java self-defined java android java android java android google java java xml android javax google java javax android android google java android java xml apache self-defined google android java self-defined obfuscated android java self-defined android java javax java self-defined android java android self-defined android android google android,0
malware103,self-defined self-defined self-defined google javax java java java javax xml java xml apache self-defined android java android java android java android google android android self-defined android obfuscated java javax java apache self-defined self-defined java java java self-defined obfuscated android java android self-defined android java android google java javax java xml obfuscated java android javax android javax android android google java java android xml java java android xml java java android xml java javax xml obfuscated java javax obfuscated java self-defined java android xml java java android xml java android java android google self-defined android java self-defined java self-defined xml java android android google java android google java android java android android google java android android google java android self-defined android google java android xml java java xml xml java android xml java android obfuscated android self-defined obfuscated google self-defined google android google java android java,1
malware205,google java android google java android android java android google java android xml java java self-defined android java google self-defined android java self-defined obfuscated self-defined android java javax android xml apache android self-defined java javax xml apache self-defined java android xml java obfuscated obfuscated obfuscated obfuscated android java self-defined java android xml java obfuscated obfuscated android xml,1
malware026,android google google java android self-defined java xml apache android java android google self-defined android java javax android obfuscated java java android self-defined self-defined self-defined self-defined android java self-defined android java xml google android java xml apache self-defined android self-defined android google java android java self-defined java android xml java android self-defined android java java android xml java android self-defined android google xml java java java android self-defined self-defined self-defined google java android xml java javax self-defined self-defined android java javax java java xml javax java self-defined java android xml java android self-defined apache java xml,1
malware110,java java android self-defined self-defined java self-defined obfuscated java javax xml apache android java android google self-defined xml apache java android google java android android xml obfuscated android java self-defined obfuscated android android android android java self-defined google google self-defined xml apache obfuscated android self-defined obfuscated java javax self-defined android java android android self-defined android java javax java android android java self-defined obfuscated android java android google self-defined google java xml android android java,1
malware215,java java obfuscated java xml java java android xml java javax java android self-defined android java android self-defined self-defined android java self-defined obfuscated java android java java xml java android self-defined self-defined android android google java android google android android xml self-defined self-defined android google java android xml javax java xml android java android google android self-defined android java self-defined obfuscated xml android google java android self-defined google android obfuscated java javax java xml java,1
malware217,java java android xml java java self-defined android google google android google java android java android xml java xml java xml android google android java self-defined obfuscated obfuscated java android obfuscated android google java android self-defined android java self-defined obfuscated self-defined self-defined self-defined java javax android self-defined javax xml xml android java java java java android self-defined google self-defined google android java android self-defined obfuscated java obfuscated android android java self-defined obfuscated apache xml android android self-defined android xml,1
malware070,self-defined self-defined apache java xml java xml android self-defined java android xml java javax java android google android google java android java javax obfuscated android self-defined android java android self-defined obfuscated self-defined google self-defined java self-defined google java android self-defined java android java self-defined obfuscated java android self-defined java self-defined android java self-defined android java javax java self-defined java android google self-defined google self-defined xml java android java android google android self-defined self-defined android java android java obfuscated android java android google google java android java android google android java android google google java java android xml java xml self-defined java android java android google self-defined xml android google java android java xml android xml android xml apache android java android google,1
malware082,self-defined android google java android android google java android xml android google java android self-defined obfuscated self-defined android java java javax java javax java java android android google android java self-defined obfuscated self-defined java android java self-defined obfuscated android android google self-defined google self-defined android java self-defined android java java android self-defined obfuscated java android xml java javax android java xml android java android xml java javax apache java self-defined self-defined android java xml apache java android self-defined google self-defined android java javax android google java android android java android google self-defined obfuscated obfuscated android obfuscated obfuscated obfuscated android android self-defined java google xml android self-defined google google android obfuscated java android self-defined android java self-defined google self-defined android self-defined android google android java java java android self-defined self-defined android java self-defined obfuscated self-defined android xml java android google android google java java self-defined google java javax google self-defined google,1
benign155,javax android java self-defined android java xml android self-defined java android android java android google android java android google self-defined java android java android google self-defined java android java android google java xml self-defined android java android java self-defined obfuscated android google self-defined android java javax java javax java obfuscated android self-defined obfuscated android java google self-defined obfuscated java xml android google self-defined google android self-defined android java xml android google java android android self-defined android android android apache obfuscated java android xml java self-defined apache xml self-defined android java java android java xml apache java java self-defined google android java android google self-defined android java xml self-defined self-defined android self-defined java self-defined self-defined self-defined google java self-defined android,0
benign223,self-defined android java javax android android java apache self-defined android java xml android java xml android self-defined java apache java self-defined android java android xml android xml android google android xml self-defined obfuscated self-defined android self-defined java self-defined java android xml java android google self-defined obfuscated android self-defined android java android google android xml apache android java android google android self-defined android java self-defined google android java self-defined obfuscated java google java self-defined android java self-defined obfuscated obfuscated apache java java javax android android self-defined obfuscated self-defined android java xml apache android java android android self-defined javax android self-defined android java java android self-defined java android java self-defined obfuscated java android xml java xml android self-defined self-defined self-defined self-defined self-defined obfuscated java xml android xml apache android self-defined java android,0
malware151,xml java android java android google android android google android android google self-defined android android java java android obfuscated self-defined obfuscated android google java android google java android java android google android google java android xml self-defined android android google android google android self-defined java xml android google java android android self-defined java android self-defined java,1
benign115,java java javax android java android google self-defined google android java self-defined google google java xml apache google java java android xml java javax android google java self-defined android android google self-defined self-defined android java self-defined android java android android xml android android android android self-defined android self-defined android self-defined self-defined android java self-defined google self-defined android java google java android xml android java java java obfuscated android android google self-defined android java java self-defined android java java self-defined self-defined android google java xml self-defined android java javax android java self-defined obfuscated java android xml java xml java android apache android java self-defined obfuscated android java self-defined android xml android android java android xml java xml apache java android java xml apache,0
malware114,android self-defined android google java android java xml android java self-defined obfuscated android android android java self-defined obfuscated java xml java android xml java javax self-defined android java android self-defined android java java android xml java self-defined android self-defined obfuscated google java android java android self-defined xml apache java android self-defined android java self-defined obfuscated obfuscated self-defined self-defined xml java java android java self-defined obfuscated java android self-defined self-defined android java obfuscated java android xml java javax java java android google self-defined java xml apache google android self-defined android java android java apache android xml android google java android google android android android xml android android self-defined self-defined obfuscated java android xml java xml java javax android java android,1
benign120,android xml google java android xml java android xml apache xml java android xml java xml java javax android java android google android android self-defined android java self-defined obfuscated android self-defined java android android java self-defined android java android google android self-defined java self-defined google android java self-defined,0
malware164,google self-defined google self-defined android google java android google android java android google xml android java android google self-defined self-defined google java self-defined java java apache android google java android java self-defined java android java self-defined java android xml java obfuscated android android xml android java self-defined obfuscated android java javax javax android google java android google android google android java self-defined obfuscated java xml apache android java,1
malware027,self-defined java java javax android android google java android apache xml apache java java java javax android self-defined google android java android google java self-defined java android self-defined self-defined java android google android xml xml android self-defined obfuscated java javax java android self-defined obfuscated obfuscated obfuscated obfuscated android java java android self-defined android java self-defined obfuscated apache java android google java java java android xml java javax java obfuscated android java self-defined obfuscated android,1
benign064,android google android xml google java java self-defined android android google apache android self-defined java android java android self-defined self-defined self-defined xml apache self-defined android java android java self-defined obfuscated self-defined java self-defined java java java java google android java self-defined obfuscated obfuscated android xml android google android self-defined android java android self-defined java self-defined javax java javax xml google java xml android google android java google self-defined android java android google android google android self-defined java android android xml java xml java xml java xml android self-defined self-defined self-defined android java java java android xml java self-defined,0
malware019,xml apache self-defined android android android java android java self-defined obfuscated java java java self-defined obfuscated obfuscated android android java self-defined obfuscated java java android xml self-defined android java android javax self-defined android java self-defined android google java android obfuscated self-defined obfuscated android xml java self-defined java android java android self-defined java java android xml java android google java android java self-defined android java xml android apache android google java java apache self-defined obfuscated obfuscated java javax self-defined obfuscated self-defined self-defined google google android android google android java self-defined obfuscated self-defined android google java xml android google java java self-defined android google java android self-defined java self-defined self-defined java obfuscated android xml java obfuscated self-defined java javax java java self-defined java xml obfuscated,1
benign222,android xml apache xml javax java self-defined android java self-defined obfuscated obfuscated self-defined android java self-defined android java self-defined android android java android xml java java android xml java xml java javax xml android android android xml android self-defined android java javax apache android google self-defined google self-defined obfuscated java android java javax google android self-defined google android xml,1
malware162,java java xml apache android android java android google android google self-defined java android xml apache self-defined google android android java android google self-defined android xml android java self-defined obfuscated java java google android java android xml xml android xml android java android google self-defined google java java android java self-defined obfuscated java xml java google android xml android java self-defined obfuscated obfuscated java android xml java java java android self-defined self-defined obfuscated obfuscated self-defined java javax java android xml java android android google java android java xml android android android java android google java android android android java android google android java android self-defined obfuscated obfuscated javax android self-defined android java android xml self-defined android java android google java android self-defined android self-defined self-defined android android java android google java javax xml android android java self-defined obfuscated android java android google android java javax,1
malware068,self-defined android xml google java javax self-defined android java javax java java java android xml java self-defined obfuscated obfuscated java javax android java android google android google java android android google java android java java java android java android google xml android android android google java android android java android google android obfuscated java self-defined android self-defined android java apache java javax java android javax android javax xml java self-defined java android self-defined google self-defined java self-defined javax android java android google android android android java self-defined obfuscated java java android xml java java android obfuscated self-defined java java google self-defined obfuscated android android self-defined java android self-defined google android java java xml javax android google self-defined android java self-defined obfuscated android xml self-defined android google xml xml javax,1
malware085,xml android google java android google java android self-defined xml apache self-defined android self-defined android android java self-defined obfuscated self-defined android android google java android google java android xml java java android xml java google java android self-defined xml android obfuscated android google android self-defined google android google,1
benign121,android java java android android java obfuscated android java self-defined android java xml android xml java android java self-defined obfuscated apache self-defined android java self-defined obfuscated javax xml google self-defined android java apache self-defined obfuscated self-defined java obfuscated self-defined java android xml java java android self-defined java xml apache android xml android self-defined java self-defined android java obfuscated self-defined java android self-defined obfuscated obfuscated android self-defined java java self-defined android java java android java self-defined obfuscated self-defined android java android google apache android self-defined javax android self-defined java xml android self-defined java,0
benign077,android android xml xml java java xml java java android google self-defined java android google android android self-defined self-defined google android java javax java self-defined android self-defined java android java android google google obfuscated android javax self-defined google self-defined android google self-defined android java javax java xml android java android google self-defined self-defined self-defined android java android self-defined android java self-defined android java java android xml java android self-defined android java self-defined android java self-defined google self-defined java,0
malware056,android android self-defined self-defined self-defined google android google java android javax xml java google self-defined android java android android java android self-defined java android self-defined java javax android google java android google android java self-defined obfuscated self-defined android java xml java google self-defined google self-defined self-defined obfuscated obfuscated android javax android self-defined java android java obfuscated java self-defined self-defined obfuscated java google javax android self-defined java android xml java android java android google android xml android google self-defined xml java android xml java android,1
benign035,java android xml java xml self-defined android java self-defined self-defined android java self-defined obfuscated obfuscated java xml android java self-defined obfuscated self-defined android java android google java self-defined android java xml apache android self-defined java self-defined android java java javax java java xml self-defined android java self-defined self-defined self-defined self-defined android self-defined java self-defined self-defined java android google obfuscated java google self-defined apache android google android java self-defined obfuscated self-defined android java xml apache self-defined self-defined android java self-defined android android javax java android java android self-defined android java xml javax java android self-defined obfuscated android android google android xml android self-defined java self-defined java self-defined self-defined obfuscated obfuscated java java android xml apache java android java self-defined,0
benign086,java self-defined android java android google google self-defined google android android self-defined android java self-defined obfuscated self-defined java javax android self-defined xml obfuscated obfuscated obfuscated android xml self-defined java self-defined android self-defined android android java android google java xml xml android self-defined self-defined self-defined obfuscated self-defined self-defined self-defined java android xml java google,1
malware020,android xml self-defined android java android google java self-defined java self-defined android android xml google android java java xml android xml java android android self-defined obfuscated self-defined android java android google google self-defined android self-defined android self-defined java apache xml obfuscated obfuscated java java self-defined google android java android java self-defined obfuscated android google java android android xml apache java android self-defined javax android xml java self-defined android java obfuscated android self-defined android javax java javax android google java android google java android xml java android google java android android,1
malware005,java javax self-defined android java self-defined java self-defined java android xml java android self-defined android java android google java java java android xml java java javax xml java android xml java javax android android android java android google self-defined self-defined self-defined self-defined android java android android java java android java self-defined obfuscated obfuscated java android java self-defined obfuscated java,1
malware061,java google self-defined google java android java android xml java self-defined java self-defined self-defined xml android self-defined java android xml java java java xml java java android xml java android xml java google java android java java android java android google java android xml java javax java xml self-defined obfuscated obfuscated java android self-defined android self-defined android java obfuscated obfuscated self-defined java android google android apache self-defined java android android,1
malware138,java java self-defined java xml apache self-defined obfuscated android java self-defined obfuscated java xml android xml apache java self-defined xml java java android self-defined self-defined obfuscated android google android java xml self-defined self-defined self-defined android java self-defined obfuscated java google android java self-defined android android java self-defined obfuscated xml self-defined obfuscated java android xml,1
malware237,java java android xml java xml android google android java xml java android android self-defined obfuscated android obfuscated self-defined android java self-defined android google android google self-defined android android google self-defined obfuscated obfuscated java javax xml apache android java android google java android google java android self-defined obfuscated java java xml java java google self-defined xml google self-defined android java javax java xml obfuscated android xml android xml apache self-defined android java android google android obfuscated java android self-defined android java android google java java java javax android java javax android java java javax java android xml java self-defined self-defined android java android google android self-defined android self-defined android android java self-defined obfuscated self-defined apache self-defined java android xml java java apache javax android self-defined,1
benign171,android self-defined android java self-defined android java android google javax android xml java self-defined self-defined android xml java javax android android java android self-defined java android apache java android xml java java xml java android xml java android java android google self-defined android java self-defined self-defined android google java android xml java self-defined obfuscated java android xml java android java android google java xml java java android java self-defined obfuscated self-defined java xml android xml java javax android xml apache self-defined self-defined android xml apache self-defined android java self-defined obfuscated self-defined android java java android android java android java self-defined obfuscated obfuscated java obfuscated obfuscated java xml java java javax xml java self-defined android google javax android xml self-defined android java javax self-defined self-defined xml,0
benign147,android google self-defined android java xml java self-defined self-defined self-defined self-defined self-defined obfuscated java google android android google self-defined android google self-defined android java self-defined self-defined google java android android java self-defined self-defined java self-defined google android xml java self-defined self-defined android java android google self-defined google self-defined android java android android java android google apache android self-defined java google android android xml java android android xml obfuscated android java self-defined obfuscated android android android self-defined java xml java android apache xml java self-defined javax self-defined android java android google java java android self-defined android google android self-defined java android java android java android xml,0
malware035,xml java javax java self-defined android java java android xml java android java android google android android obfuscated java obfuscated obfuscated obfuscated android android google java android java android xml java java javax java android android self-defined android android android java self-defined self-defined self-defined android self-defined android google java android java android java android self-defined obfuscated self-defined android java android android google java android android java android xml java javax java android xml java java java android google java java apache java android java android xml apache java javax android java xml java android xml java self-defined,1
malware241,java javax xml self-defined android java android xml java javax self-defined obfuscated self-defined obfuscated java android xml java javax google google android android java android google android self-defined android xml apache android android self-defined google java javax apache self-defined java android xml java google android java android java self-defined obfuscated self-defined java self-defined java xml google android,1
benign153,google self-defined android java self-defined self-defined self-defined android google android self-defined google self-defined android java self-defined obfuscated android javax java android xml java self-defined javax java self-defined android java self-defined obfuscated obfuscated obfuscated android java android java java android xml javax android self-defined android java java self-defined android java javax android java android android java android xml java android java android google android self-defined java self-defined self-defined self-defined android android android android self-defined java apache self-defined android self-defined java xml google android self-defined java xml android android android android self-defined java android,0
benign227,android xml android java android google self-defined self-defined self-defined self-defined android java self-defined android java javax java self-defined javax java java android google java android xml java android java self-defined obfuscated obfuscated google android android android java self-defined obfuscated android java xml apache android java android xml java java android java self-defined obfuscated java java self-defined self-defined self-defined self-defined xml java obfuscated self-defined android android java self-defined obfuscated self-defined obfuscated android google android google android java self-defined obfuscated java xml android android android self-defined java javax xml apache obfuscated obfuscated self-defined self-defined self-defined android java javax java self-defined google android self-defined java javax android java android google android android self-defined java android android java android self-defined self-defined java android android java self-defined obfuscated self-defined android self-defined java javax,0
benign162,apache apache android xml java java self-defined android java self-defined obfuscated java self-defined obfuscated xml java android self-defined java javax self-defined android java xml java self-defined self-defined android java android java self-defined obfuscated self-defined android google self-defined android java java self-defined google apache self-defined self-defined android java google self-defined android java apache self-defined java xml java android xml java android android android java android google java android java android google android java android self-defined apache xml apache self-defined android java self-defined java java google android google android java self-defined obfuscated self-defined android self-defined java android java self-defined obfuscated xml apache java xml apache javax java self-defined self-defined android java,0
benign068,self-defined self-defined android java android android google javax xml javax android android xml javax android self-defined self-defined self-defined android java android android xml android self-defined android self-defined java self-defined android self-defined java android java android javax android self-defined android java android xml java self-defined java apache xml java apache java android xml java javax android java xml java android android java apache java self-defined self-defined google android java javax xml android java self-defined android java android google android self-defined java self-defined android java android java self-defined obfuscated java,0
malware186,self-defined android java android self-defined javax android android google android javax android android java self-defined obfuscated android google java self-defined android obfuscated android java self-defined obfuscated google self-defined android xml java android java self-defined obfuscated apache java java android self-defined google apache self-defined android java java android self-defined android self-defined java javax android java android self-defined google android android android,1
benign136,obfuscated obfuscated self-defined android android java java self-defined android java self-defined obfuscated self-defined android java java javax android xml apache xml android java self-defined obfuscated apache android android xml android self-defined java xml java android xml java self-defined obfuscated self-defined self-defined self-defined obfuscated java java javax android java self-defined obfuscated self-defined java xml java self-defined android java java self-defined java android xml apache android java self-defined obfuscated self-defined apache self-defined java java xml android java xml google java java self-defined obfuscated android java self-defined google google android self-defined java java java android xml java java self-defined android self-defined java android xml javax google self-defined obfuscated obfuscated java self-defined android java self-defined obfuscated self-defined android google java java android java android google java android xml java self-defined google android self-defined android java java java android self-defined java android google,0
benign161,android java xml apache android self-defined java android xml java android android google java java java xml self-defined android java xml self-defined android self-defined java java android java self-defined obfuscated android self-defined java xml android android google java java xml self-defined obfuscated self-defined google self-defined android java android self-defined google java,0
malware173,android android google java xml android java android self-defined java java javax java xml android xml android google self-defined android google android java android google java android java self-defined obfuscated java java java android java android google java android self-defined android google java android xml android java self-defined self-defined google android java java android java self-defined obfuscated self-defined obfuscated javax java javax java,1
malware161,java self-defined obfuscated java obfuscated obfuscated self-defined android java self-defined obfuscated self-defined android java android google java android java google java self-defined self-defined apache xml java android java android self-defined android java google android android java android google apache android google java android xml java java android self-defined self-defined google android google,1
malware193,java javax obfuscated java obfuscated obfuscated obfuscated android java android xml java xml java android java self-defined obfuscated android android android google java java java java android xml java self-defined android xml java android xml java xml java android java android google java java android self-defined obfuscated android java self-defined obfuscated self-defined obfuscated java java apache google self-defined java java self-defined self-defined android java google android android java android google self-defined android android android google xml java javax android java self-defined java google android,1
malware046,self-defined google java java apache android javax xml self-defined android java java android self-defined android java android xml self-defined android java java javax java self-defined java self-defined javax android self-defined javax xml android android java android google self-defined android java android xml android java self-defined obfuscated self-defined self-defined android android java android google google android google java android android self-defined android java java javax java android self-defined obfuscated self-defined google apache self-defined obfuscated obfuscated java android google android self-defined google java java android self-defined obfuscated obfuscated,1
benign106,java self-defined android java xml java javax xml android java self-defined obfuscated android javax java android xml java javax obfuscated java android xml java java android java android google self-defined android java javax java android java android google obfuscated xml android java android google java android android self-defined java android java javax java android xml google android java self-defined obfuscated obfuscated self-defined android java javax java self-defined google java self-defined android javax android android android google self-defined google android android xml android java,0
benign137,java google java android self-defined android java java google java android xml java self-defined java android self-defined java javax javax apache xml java xml android self-defined java apache self-defined android java xml android java self-defined google google self-defined google android android xml apache android google self-defined self-defined google android self-defined self-defined obfuscated google xml self-defined android java javax android java self-defined obfuscated java android apache xml apache java xml android java self-defined obfuscated java java android self-defined android java self-defined android java apache android self-defined android java javax android google self-defined android java self-defined obfuscated self-defined java apache xml android google java self-defined android java android java android xml java google android xml apache java google self-defined android java android self-defined java android self-defined android java android android java android google android android google java android xml java javax android javax javax,0
benign114,android java apache android java android google java android xml android java android xml java javax android google android javax xml apache java self-defined android java android google android android self-defined java android javax android google java java android xml xml java javax android java java javax javax android xml javax xml java self-defined android java self-defined google java self-defined,0
benign025,java javax xml self-defined android self-defined java android xml java android android self-defined java android android android google java self-defined obfuscated android self-defined android java self-defined android java xml android xml obfuscated android android android java self-defined android java java xml android java self-defined java java java xml apache android self-defined,0
benign172,self-defined android self-defined java android xml android java self-defined obfuscated android self-defined java android xml java android self-defined java obfuscated self-defined google android java java javax java obfuscated obfuscated obfuscated android android android google java self-defined android android java android google android xml google xml java java android,0
benign242,self-defined self-defined obfuscated java obfuscated self-defined google self-defined java javax google self-defined android java android java android google self-defined self-defined java xml self-defined android java java java android java android google self-defined java android google android java android google java javax xml android android google self-defined android java java java java android xml java xml android android obfuscated android self-defined obfuscated android android java,0
benign110,java android self-defined self-defined android java xml java android self-defined java java android self-defined java android self-defined java android java self-defined google java javax java android xml java xml android self-defined obfuscated obfuscated android java self-defined obfuscated android self-defined android java java apache google javax self-defined apache android self-defined java self-defined obfuscated android self-defined android self-defined google android java xml android java xml java java android java android google java xml android java android google android android android xml self-defined android java java self-defined google android java android google self-defined android java android java android obfuscated self-defined self-defined android android android,0
benign083,java java java java javax android android self-defined java android self-defined google self-defined self-defined android android android android self-defined java android javax java javax android android self-defined obfuscated java java android java android xml java self-defined android android java android javax java java java xml android apache xml self-defined android self-defined google self-defined android java javax self-defined android java android android javax java self-defined android java javax android java android google xml java android xml java java self-defined google self-defined self-defined google obfuscated self-defined java xml obfuscated android,0
malware067,javax java android google java android android java android google self-defined android java android android java xml android java self-defined obfuscated obfuscated obfuscated obfuscated java android android android xml obfuscated android java android google android self-defined android java java android xml java javax java java android self-defined java android java android google java android java android xml java self-defined obfuscated android google obfuscated obfuscated self-defined android google android self-defined obfuscated self-defined java android java android google self-defined self-defined google self-defined java java android xml apache xml java android android android android android java android google android java self-defined obfuscated android google self-defined obfuscated android google java android java self-defined android java javax java android android android xml android self-defined google android android self-defined google java xml java android java self-defined obfuscated android android android java self-defined android java java android,1
malware016,android self-defined android self-defined self-defined java xml android google java android android android google java android android java android google xml apache android android java self-defined obfuscated java android android self-defined android xml java android self-defined self-defined android java java java java android xml java android xml java java xml android google self-defined apache xml self-defined javax google android xml xml android self-defined android java android java java xml android java google apache self-defined android java self-defined obfuscated java javax java xml java android self-defined android self-defined java self-defined java android self-defined java android xml java android java android self-defined android google java android java self-defined obfuscated self-defined google apache java android self-defined java java android android self-defined android java self-defined obfuscated self-defined android java android self-defined java android self-defined android java android google java java xml apache xml java android self-defined obfuscated self-defined self-defined,1
malware160,android android java java android xml java java javax java java android xml java android java android google self-defined google android xml java self-defined self-defined android java android google android xml android java android google xml android xml android java android google google self-defined java android xml java self-defined google self-defined google java android xml java android android java self-defined obfuscated java java android xml java java java javax xml android google self-defined google java android xml java android self-defined apache java java javax android java android google self-defined self-defined java android xml java java xml apache self-defined self-defined self-defined android self-defined self-defined android java xml android obfuscated java java xml apache self-defined java android self-defined xml android apache android google java android java xml java android self-defined google obfuscated java javax android xml apache android java javax java java,1
malware202,android google android google android java javax xml apache android android java xml java javax android android java self-defined obfuscated android java self-defined obfuscated self-defined java android xml java xml javax self-defined google android android javax android android java self-defined obfuscated self-defined obfuscated android google java android android google java java android self-defined obfuscated java android xml java javax xml apache obfuscated self-defined java java xml android android java xml java android self-defined android java android android self-defined android java android google self-defined android java javax android google java java google,1
benign108,java javax google java android xml java self-defined android self-defined android self-defined java apache java java android xml java java apache android android xml google apache self-defined obfuscated self-defined android java xml apache java self-defined obfuscated android android java self-defined android java self-defined obfuscated android java javax google self-defined android java android self-defined java google android self-defined android java javax java android xml javax android java self-defined android,0
benign213,android java xml self-defined android java android android javax xml java android xml java javax java android xml java java java android xml java self-defined java android xml java android self-defined android self-defined java android self-defined java self-defined obfuscated self-defined android android self-defined google obfuscated android android javax android apache java android self-defined java javax self-defined android java xml apache self-defined android java javax android android java self-defined obfuscated java android apache android java android google self-defined java javax android android google self-defined obfuscated obfuscated android self-defined obfuscated java apache java android xml java xml java android java self-defined android google android java self-defined android java android java android apache xml java xml apache java android java xml apache self-defined self-defined android java self-defined java xml android self-defined android self-defined java java android xml java self-defined self-defined android java android android self-defined android java self-defined google java android java self-defined obfuscated obfuscated android android,0
benign246,android xml android self-defined android java android google android java self-defined obfuscated android google self-defined android java java xml android javax self-defined android java self-defined android android java java xml android obfuscated obfuscated android apache self-defined android java xml apache self-defined android java java self-defined self-defined obfuscated obfuscated java javax android self-defined self-defined java xml self-defined android java self-defined obfuscated self-defined obfuscated java android xml java android java android google android self-defined java self-defined xml java android self-defined java java android apache self-defined android java android google java java javax self-defined android java self-defined obfuscated self-defined xml android android self-defined java android self-defined android google android xml,0
benign051,java android java self-defined obfuscated self-defined obfuscated self-defined android java self-defined android java xml java android xml java xml apache java android xml java google android java self-defined obfuscated self-defined android javax java android android obfuscated java java java java self-defined android java javax self-defined java android,0
benign009,obfuscated xml android google self-defined android google android self-defined java android android android self-defined android java self-defined self-defined self-defined android google java xml java android java android google xml obfuscated android java self-defined obfuscated self-defined android java java obfuscated java self-defined android self-defined java android java self-defined obfuscated self-defined java self-defined android java android android java android xml java android java android xml java android self-defined java self-defined android java android xml java java java javax xml android java android google obfuscated self-defined google self-defined android java javax android self-defined java java xml android self-defined google android android self-defined java self-defined obfuscated google android xml android android self-defined self-defined self-defined java android xml java xml java javax java android xml java xml java android java apache android java self-defined obfuscated android xml obfuscated java xml java self-defined obfuscated self-defined android java self-defined android java java java android xml java android self-defined self-defined android java self-defined obfuscated,0
benign088,google java self-defined android google self-defined obfuscated java android java self-defined obfuscated android google java self-defined android java java xml android java xml android self-defined java java java self-defined android java android google java android java self-defined obfuscated android self-defined google android android java self-defined obfuscated self-defined xml android xml android self-defined obfuscated self-defined google java android self-defined java java android self-defined android self-defined java java google self-defined self-defined google self-defined android java javax java self-defined android java xml java google java google apache self-defined android,0
malware059,javax java android xml java android android android android java android google java self-defined android java android google google java android android xml android android google java android android java google java xml java obfuscated android self-defined android google java android self-defined xml apache self-defined android java android google java android obfuscated android self-defined android java android google java android android android android self-defined java self-defined android android java self-defined obfuscated android xml java javax self-defined android java javax android java java android xml java java java java android self-defined self-defined obfuscated xml apache apache android java self-defined obfuscated java android java self-defined obfuscated google java java xml xml java obfuscated self-defined obfuscated self-defined javax android java android google android google self-defined self-defined android java android android java android google self-defined google apache self-defined java java xml android java android google java java google,1
benign217,google xml java apache java android xml java java android xml java javax xml apache android android self-defined android java self-defined obfuscated java xml java javax java javax android xml obfuscated java android java android google java java android xml java obfuscated obfuscated android java self-defined obfuscated obfuscated obfuscated obfuscated java self-defined self-defined self-defined android java android java android google self-defined java java android self-defined android self-defined java self-defined java android android self-defined obfuscated android android java android google android java javax google self-defined android java javax java javax xml android google self-defined android java apache java xml google android java android self-defined android java java apache self-defined self-defined android google android java android google java java android xml java java android self-defined android java javax java self-defined android google android android,0
malware190,android java java javax android apache java self-defined java android javax xml xml android self-defined android xml xml java apache java android java android google self-defined android self-defined android java self-defined obfuscated google self-defined self-defined obfuscated android android google java android self-defined android google java android android java self-defined obfuscated obfuscated java javax java apache android java android google self-defined self-defined java java android,0
malware091,xml apache java android xml java self-defined java java android self-defined android google java android xml xml java java android google java android google android google android obfuscated self-defined java self-defined self-defined java android self-defined java java java java google android google self-defined android android self-defined android android google google java google java java android java android google android self-defined xml android google java android obfuscated android xml,1
malware183,xml xml android java android google java xml apache java xml xml android java xml java android self-defined self-defined obfuscated android java android xml java android android java android xml java java java android xml java java android self-defined google android java java android self-defined self-defined android java java android xml java javax java javax xml apache apache self-defined self-defined java java java android java android google android java java android xml java self-defined self-defined java self-defined android java xml android self-defined android java java xml java java javax android google java javax xml google android self-defined java java self-defined java android android android xml self-defined android android self-defined java android google java java self-defined obfuscated android java self-defined android java self-defined android java self-defined obfuscated java android java android self-defined java apache android java android google java google obfuscated google android android self-defined java google android java java javax android self-defined apache,1
malware243,self-defined google android java android google self-defined android java java xml java java java xml apache java java android android java self-defined obfuscated android google self-defined google self-defined javax android google java android self-defined obfuscated obfuscated obfuscated java xml xml java javax android self-defined obfuscated obfuscated android apache self-defined google java java android xml java self-defined self-defined android google java android google android java xml android google java android google java java android self-defined android google java android java android android android android self-defined android,1
malware167,java javax java google self-defined self-defined self-defined xml javax android java android android java self-defined obfuscated self-defined obfuscated java javax xml java android android java java obfuscated java android xml java xml android java android self-defined java android java self-defined obfuscated android android java android google android java self-defined obfuscated android javax android google android java android java android google self-defined google javax java java xml apache xml android android android google android javax android android self-defined,1
malware042,android java android xml java google android java java self-defined android java self-defined obfuscated self-defined android java java self-defined self-defined java java google self-defined google self-defined self-defined android java xml java android self-defined google java android xml java self-defined self-defined java xml self-defined self-defined android java android google android java javax android java android google xml,1
malware033,android self-defined self-defined self-defined android obfuscated java java self-defined google self-defined obfuscated obfuscated java android xml java xml android javax android java android google self-defined android android google android xml android java self-defined obfuscated android android android google java android java android android self-defined obfuscated google java android self-defined apache self-defined google android java self-defined obfuscated obfuscated android google self-defined google self-defined android self-defined android java android java android java android google self-defined google java javax java javax java android android java android google android google,1
benign235,javax android java java xml google self-defined obfuscated xml android xml java java self-defined self-defined android android java javax xml android self-defined android java android google self-defined self-defined android self-defined java xml java android self-defined obfuscated android google google google android android android java android google self-defined android java android xml android java android google self-defined java javax android android java android google android obfuscated obfuscated obfuscated android android xml self-defined java xml android android java self-defined obfuscated obfuscated obfuscated self-defined android java java android self-defined android,0
malware037,apache java android android java android google android android android android google java android xml java android java android google java android java java android xml java xml self-defined android java java android google android self-defined google java android xml android android java javax xml java java xml android java self-defined obfuscated android google java android self-defined android java xml android java android xml java android android xml java javax java self-defined android java javax obfuscated java android self-defined android android java android java self-defined java android self-defined android xml android xml android java android google android android java android google self-defined google android google java android google java obfuscated self-defined google android java xml java java android java self-defined obfuscated self-defined java,1
benign170,java java android self-defined android java javax android self-defined android java android self-defined java java javax android self-defined android java javax android java xml java java android java xml self-defined self-defined java self-defined android self-defined java obfuscated self-defined java android xml java javax java java android xml java google android java self-defined obfuscated android android self-defined android java self-defined java android self-defined java android xml android android android java java self-defined self-defined self-defined self-defined android java self-defined obfuscated self-defined javax java java android,0
benign109,java android android self-defined android java self-defined java javax xml android android java self-defined android java android google self-defined android google self-defined java java java android xml java xml android self-defined java android javax java obfuscated java javax xml apache self-defined obfuscated self-defined self-defined android self-defined android java apache apache self-defined android self-defined google google self-defined java obfuscated android google java android self-defined google android apache self-defined android java self-defined obfuscated self-defined android java self-defined obfuscated,0
malware001,android java android xml java javax xml google android google self-defined android java android xml java javax xml apache android android google java android java android self-defined android java self-defined obfuscated obfuscated java self-defined android java android java android google android android google android self-defined obfuscated android android android self-defined android java self-defined obfuscated java android java self-defined obfuscated java self-defined android java android google android java android google java android self-defined obfuscated android self-defined,1
malware124,android google java android self-defined google java xml apache xml java obfuscated java self-defined android obfuscated obfuscated android java self-defined obfuscated obfuscated java xml android java self-defined obfuscated java android self-defined java java android self-defined android self-defined google obfuscated self-defined java self-defined google self-defined self-defined google android android xml self-defined android android java android java android google android self-defined android java self-defined obfuscated xml java self-defined javax java android xml java xml obfuscated android self-defined javax xml android android android google java android apache xml self-defined obfuscated obfuscated obfuscated self-defined xml self-defined java android java android self-defined self-defined android java self-defined obfuscated android self-defined java android self-defined obfuscated obfuscated obfuscated obfuscated,1
malware044,java google java google java android xml android java android google android android google java android android google self-defined google android apache java java java java self-defined self-defined java android xml java java javax xml apache java java android android java self-defined obfuscated obfuscated java javax android android android google java android javax android google obfuscated java android google java android self-defined android java javax self-defined android java android xml java android google java android xml xml self-defined java java javax,1
malware149,xml java javax android self-defined java android xml java self-defined javax java android xml android android google java java android xml java android java xml google self-defined java xml android java android google self-defined java android java android google google android java self-defined obfuscated java java javax android xml java android self-defined self-defined self-defined android java self-defined android xml apache java java android self-defined android xml android android java xml apache java android java javax java java xml java self-defined self-defined java self-defined javax xml java java java android java javax java android java android self-defined google android xml java javax xml android apache self-defined android self-defined android java self-defined google self-defined android xml apache self-defined obfuscated android java android self-defined java xml java android xml java android android google apache xml java java javax java java xml apache javax android google self-defined google xml apache java google android obfuscated android google java,1
malware141,google java android java self-defined obfuscated java android xml java javax java java android xml java java self-defined android java self-defined obfuscated android xml android self-defined android google java android java xml android android android java self-defined obfuscated java google android java android google android google java android self-defined self-defined android java obfuscated java java javax xml apache android android android java self-defined obfuscated self-defined android java android xml java xml java xml xml android xml android google java android self-defined google java android java android self-defined apache xml apache android java android google java java java xml google java apache xml android apache android self-defined android self-defined java android self-defined java obfuscated obfuscated android android java self-defined obfuscated android java android google,1
benign085,apache self-defined java android xml java android java javax java android java self-defined obfuscated apache self-defined google java android google javax xml android obfuscated java xml javax android android self-defined java android google android self-defined android java java android java xml android java android google java self-defined obfuscated self-defined java java android google android java android xml java javax java xml android self-defined android java self-defined android android self-defined android java android google android self-defined self-defined apache self-defined google java java javax apache java android xml java java android android java android google android xml java self-defined android java javax java android java apache self-defined android self-defined android java google android xml apache android java java android xml java xml javax xml,0
malware236,javax java android xml java java java javax android google self-defined obfuscated java java android self-defined android android java self-defined obfuscated self-defined obfuscated java android self-defined android google java android self-defined obfuscated self-defined self-defined obfuscated android java android xml java self-defined android google self-defined android android java self-defined obfuscated android android java self-defined obfuscated javax java google self-defined android java google java javax xml javax xml google self-defined android apache self-defined google google self-defined java google java self-defined obfuscated java apache android google android,1
benign030,obfuscated self-defined self-defined android xml java self-defined android java javax android xml xml android self-defined android java java javax android java android google android java android android android java android google java apache java android xml java xml apache android xml self-defined android java self-defined android java java google java java android java self-defined obfuscated android google self-defined android xml android android java xml android,0
benign118,xml android self-defined java self-defined apache android java xml java self-defined android java self-defined android java android android self-defined self-defined android java javax android java android google android google java self-defined self-defined android java self-defined self-defined android java android java xml self-defined android google java self-defined self-defined self-defined self-defined google java android self-defined java google,0
malware058,java java self-defined self-defined java self-defined android java xml android android java obfuscated obfuscated android javax xml java java xml java javax java java self-defined android google java android obfuscated java xml java self-defined obfuscated java xml android self-defined java xml android self-defined android java java self-defined java java android xml java self-defined android java xml xml android self-defined android java java javax xml apache apache xml apache java android java self-defined obfuscated android java self-defined obfuscated xml apache xml java java apache self-defined android java java java google android,1
malware023,google java android self-defined obfuscated java obfuscated obfuscated java java android xml java obfuscated self-defined self-defined obfuscated java android java android xml java self-defined self-defined android java java android apache self-defined self-defined google java android xml java javax java android android java self-defined obfuscated obfuscated self-defined java android self-defined java self-defined android google java javax xml java self-defined android android android java xml java xml self-defined self-defined,1
malware153,java self-defined android java android java android google android self-defined android java android java android self-defined javax xml java xml apache self-defined obfuscated java java java javax apache xml android obfuscated obfuscated android android java android xml java self-defined javax android android java self-defined android java android google android java self-defined obfuscated self-defined obfuscated java javax,1
malware168,obfuscated self-defined self-defined android xml apache xml apache java xml apache apache java xml android google java android self-defined android java xml xml javax google android java java android google android google java android xml android java java android self-defined xml android android self-defined android google java android android self-defined google android java google self-defined java android xml java android java obfuscated obfuscated android java android self-defined self-defined android java android java self-defined obfuscated xml java android self-defined google android xml apache xml apache java javax java self-defined obfuscated java java java apache android google self-defined google self-defined,1
benign033,java xml android android self-defined android java self-defined obfuscated java android android xml java java xml self-defined android java java google android java self-defined android self-defined java android java android google android android xml android self-defined java android self-defined google self-defined android java android google self-defined android self-defined android java android google javax java xml java xml google android java java self-defined android android java android xml java self-defined google java self-defined android java self-defined android java android java android google java android xml java java java xml java xml android self-defined,0
benign011,google apache self-defined android java javax java java self-defined google self-defined obfuscated obfuscated android self-defined java javax android google android android android java android google self-defined self-defined self-defined java android xml java self-defined android self-defined java android self-defined android java self-defined obfuscated java android java self-defined google android java java java self-defined java self-defined android java javax android java android java self-defined obfuscated android obfuscated self-defined java javax java java android self-defined java xml android android java self-defined obfuscated java self-defined java android java android self-defined java apache android xml android java android google java java java google android android android xml java java android android android java self-defined obfuscated self-defined java self-defined android xml java self-defined android java self-defined google java javax xml java java java android self-defined java javax java self-defined google self-defined android java android java xml obfuscated android java self-defined obfuscated obfuscated android,0
malware123,android google java java xml google google android google java android android android java google java java android xml java self-defined google android java android google android java self-defined obfuscated java javax android self-defined android java javax android java google java self-defined android google self-defined android self-defined android java android google google self-defined self-defined android java javax android self-defined google android java self-defined obfuscated obfuscated java android android java android google self-defined android xml obfuscated obfuscated obfuscated java self-defined javax self-defined android android java android android google apache self-defined android java self-defined google android self-defined google self-defined apache java android android android java java javax java java javax xml android java self-defined self-defined android java self-defined obfuscated android self-defined google android android self-defined java android xml java xml android,0
benign027,android self-defined google android google java android self-defined obfuscated java android google java android xml java google self-defined java android xml java google java xml java java obfuscated java self-defined android java xml java google android java android google java android android java android google self-defined android google android android java self-defined obfuscated obfuscated android javax android xml google java self-defined self-defined google java xml apache java self-defined android java android java android google self-defined android xml java android java java obfuscated self-defined android self-defined,0
benign167,java javax self-defined android java xml java self-defined android android self-defined java google self-defined google android android self-defined android java android android google java android java self-defined obfuscated google java java java android xml java java javax android obfuscated android self-defined android java self-defined self-defined java android google java javax android android self-defined android google java android xml apache java java self-defined android android java android java self-defined obfuscated self-defined android java self-defined obfuscated android java javax java java android xml java self-defined apache java javax java xml obfuscated self-defined android java,0
benign206,self-defined self-defined android java self-defined obfuscated self-defined java android google self-defined java android xml java xml apache self-defined google android android self-defined java javax android self-defined android self-defined java javax self-defined android java javax self-defined android apache java javax java javax android java android google self-defined self-defined self-defined android java android java self-defined obfuscated java self-defined google java android xml android java xml google android java android self-defined android java self-defined java android,0
malware176,self-defined android self-defined android java javax google self-defined obfuscated android google java javax self-defined android java android java javax xml xml android java android xml java java java android self-defined android java android android java java java java javax java self-defined android self-defined android javax xml android obfuscated android java android google android apache java android android java android self-defined java java java android xml java java google java java android xml java xml android obfuscated android xml java xml obfuscated java android java android google java android self-defined google android google android google java android google self-defined java android java self-defined obfuscated android android xml self-defined android google self-defined self-defined android xml java android google java android android android google google self-defined java java self-defined java android xml java xml apache javax android java android google java xml android obfuscated self-defined android google android,1
malware084,android self-defined java android java xml apache self-defined google android android self-defined android java android xml java android android android self-defined obfuscated java javax java java android xml java javax java self-defined java self-defined android javax xml javax java java java java android xml java android google java android self-defined self-defined android java android xml android android java android google android java android self-defined android java java javax google self-defined android android google java self-defined android java android android google self-defined android java self-defined obfuscated google android java self-defined obfuscated android apache java android self-defined android android google java self-defined,1
malware014,google self-defined self-defined android android xml android google javax java java xml apache android xml obfuscated android java android xml java self-defined google java self-defined android android self-defined android java self-defined obfuscated android google google java self-defined java android self-defined self-defined android google android self-defined android android javax java xml android android java android xml java xml android java android self-defined apache java android xml java javax obfuscated self-defined java android self-defined obfuscated java self-defined obfuscated obfuscated android java android google android google java android android xml java javax java self-defined java self-defined android java java self-defined android google java android android android android google java android xml xml java google android java javax android google java android android java android google self-defined google android google java android xml android google java android self-defined obfuscated obfuscated android java android xml java android java android google android xml java javax java xml,1
malware208,xml self-defined android xml java self-defined android android xml javax java android xml apache java android google obfuscated android android java javax android java xml android java xml java android java android xml java android android java java google self-defined self-defined android java javax android android self-defined self-defined android android android google java android google self-defined apache android xml apache self-defined java google java android java android self-defined apache java xml java android google javax java xml google java android self-defined obfuscated android android google java self-defined self-defined google javax self-defined self-defined self-defined android java self-defined java android google java android xml java java android self-defined obfuscated google android android xml apache android android android google java android google self-defined java self-defined android google java android google self-defined android java android java android google google java android android google java android java android xml java android java,1
benign159,java self-defined obfuscated self-defined self-defined self-defined self-defined android java javax xml android apache google android android javax java xml android java android google android java javax android xml obfuscated android java self-defined obfuscated android self-defined obfuscated java android java self-defined obfuscated javax android xml self-defined android java xml google java java android xml java java android android self-defined java javax google self-defined android self-defined java java java javax android javax android android java xml java javax java javax java android xml java javax android java android android java xml android java android xml android android java android java android google android self-defined java android java obfuscated java self-defined android java android self-defined java self-defined self-defined self-defined android java java xml android java self-defined obfuscated self-defined android java xml android self-defined java android java android google self-defined android java xml android java,0
benign107,android google java android xml java apache self-defined self-defined android java java android xml java android java self-defined obfuscated apache java android xml java javax android self-defined android xml java xml android java self-defined java android self-defined self-defined java android xml java android java self-defined google android xml apache java javax xml java android self-defined java self-defined java java self-defined javax xml android java android xml java self-defined self-defined android java android java self-defined obfuscated android java android google android self-defined google android java android google self-defined self-defined android java java android xml java self-defined android java java android java javax android,0
benign072,android java android xml java obfuscated java xml apache java java self-defined self-defined obfuscated android android google xml self-defined javax self-defined android java java java android xml java self-defined android java android java android google android android java android google self-defined android java google java self-defined self-defined,0
benign031,android apache apache javax xml java obfuscated android self-defined java xml java self-defined obfuscated java xml java android google android java android self-defined java javax self-defined android java android google self-defined self-defined google java obfuscated self-defined java self-defined android java javax self-defined self-defined obfuscated android self-defined android java java self-defined android java android java android google java self-defined android java android google java javax apache android self-defined java android java android google self-defined java java java self-defined android java java self-defined android java xml android java android xml java javax android java self-defined obfuscated java android java javax xml apache java java java android xml java xml android self-defined java javax xml google java javax google self-defined android java javax java android java self-defined google self-defined xml apache java android xml java obfuscated android,0
benign175,android self-defined android xml java xml apache java xml apache obfuscated self-defined self-defined android java self-defined self-defined android java javax self-defined android java self-defined android java java xml javax self-defined android java self-defined java google java obfuscated self-defined self-defined java obfuscated java xml javax javax xml android java android google self-defined android java javax java self-defined android java javax java self-defined android java android google java self-defined google self-defined android xml android java android google self-defined google java android,0
benign134,java android self-defined java java android xml java android android self-defined java java xml obfuscated javax self-defined android java javax xml java self-defined self-defined java android xml java javax obfuscated android android self-defined java javax java android java android xml java self-defined google android self-defined android xml android google android self-defined java android self-defined android java android android java android google android self-defined google java self-defined google self-defined self-defined self-defined java self-defined android java android google android java self-defined obfuscated java xml android android self-defined android java android self-defined self-defined self-defined java android google self-defined self-defined self-defined xml self-defined google android xml self-defined java javax android self-defined android java self-defined obfuscated android self-defined java self-defined java self-defined,1
benign019,java javax xml xml android google android google android google self-defined google android java xml apache self-defined android java android self-defined android xml java obfuscated java android xml java android android xml apache android android java java android java javax java google self-defined android java java java android xml java self-defined android java self-defined android java android xml java android self-defined obfuscated java android xml java android java android google self-defined self-defined google android xml android android java self-defined obfuscated android self-defined android xml android java xml apache xml apache android android java xml apache self-defined google self-defined android java self-defined xml java android xml java google google android xml obfuscated obfuscated self-defined self-defined android java apache self-defined self-defined obfuscated java google java android xml java java xml,0
malware135,java xml android android google java self-defined android android java self-defined obfuscated obfuscated obfuscated android java android self-defined self-defined xml java android xml java self-defined obfuscated android self-defined google android android java android android google java android google java android java android google self-defined java xml android java android google android google java android android google android java java android self-defined self-defined android java self-defined self-defined self-defined android java android xml android java self-defined obfuscated google android android java self-defined obfuscated self-defined android java java javax xml xml android android android android android java android google,1
malware152,self-defined android obfuscated android self-defined android java apache self-defined google java android self-defined java java javax android self-defined android android java android self-defined android java self-defined obfuscated obfuscated obfuscated android java android google android android java self-defined obfuscated android google java android java android xml java javax android android android,1
benign236,xml java javax java android xml java javax java xml java android xml java android android android android java self-defined obfuscated google android javax android xml apache android java android xml java javax self-defined java java apache javax xml java android xml java android java android google self-defined android java xml java java self-defined android java,0
malware127,google java android android java android google java xml java android xml java google android java self-defined obfuscated java android android javax android self-defined google android java self-defined obfuscated obfuscated apache java android self-defined self-defined self-defined xml java android google self-defined java android self-defined java self-defined obfuscated obfuscated android self-defined java android java android google google android java android xml java xml self-defined java android xml java xml java self-defined java javax android xml google android android self-defined java javax java android android android java self-defined obfuscated self-defined android java self-defined java xml android java xml java android xml java android android google obfuscated java android self-defined android,1
benign049,xml apache java self-defined android java xml android java android java xml google java google self-defined android java self-defined self-defined obfuscated obfuscated java xml java android xml java javax java javax java self-defined java self-defined android self-defined java android obfuscated android java self-defined java java android xml java xml java java self-defined xml android xml self-defined android java android self-defined java android self-defined java javax java android xml google android obfuscated android xml android xml java xml apache java android android android self-defined java xml java javax java android obfuscated self-defined android java self-defined self-defined java google java javax apache xml apache javax self-defined android java android android google android android java android java,0
malware220,javax android self-defined obfuscated android xml java java xml apache java self-defined obfuscated self-defined java android java self-defined obfuscated obfuscated self-defined java java javax java xml android self-defined android java java javax java android xml java android xml android google android java self-defined obfuscated self-defined obfuscated obfuscated java self-defined android java android google java android java self-defined android java android xml android google android google java android self-defined android java android google java javax java java xml java google self-defined javax android google java android java android java self-defined obfuscated obfuscated java java java xml,1
benign133,obfuscated obfuscated android google android java android google java javax java java java android xml java android google xml android java android google self-defined android java java xml apache android java self-defined obfuscated java xml apache obfuscated java javax android java self-defined android java google android self-defined android java self-defined java android java xml self-defined java java android android java self-defined obfuscated obfuscated self-defined self-defined self-defined android java android xml java java self-defined google self-defined google self-defined self-defined android java javax self-defined android java java javax java xml apache self-defined java,0
malware038,self-defined java xml java android java android google java android java android google self-defined java self-defined xml google java android self-defined obfuscated android java self-defined obfuscated android android self-defined android java android self-defined java android java android google java javax xml java google google android self-defined self-defined obfuscated obfuscated xml apache java self-defined java android self-defined android android xml java self-defined java android self-defined java java android xml java xml java android obfuscated java android self-defined self-defined android google android java xml google android java javax android java xml javax android java android google self-defined self-defined java android self-defined self-defined apache self-defined android java android,1
benign122,self-defined android self-defined java xml self-defined android java self-defined android java android java self-defined obfuscated self-defined android java self-defined obfuscated obfuscated android java self-defined android java android xml java javax android java self-defined obfuscated apache self-defined android google java android android java android xml java obfuscated java google android self-defined java xml obfuscated android java android google java java android java java android xml apache android self-defined android java self-defined java xml apache xml obfuscated java android java self-defined obfuscated java android xml java xml apache android android java android google java javax xml xml apache xml android apache self-defined google self-defined obfuscated obfuscated obfuscated obfuscated,0
malware197,self-defined google java android google java android java self-defined self-defined android android javax java javax xml android java android java self-defined obfuscated obfuscated android xml java self-defined self-defined android self-defined apache java self-defined android java android xml java xml apache java java java android xml java java android java android self-defined obfuscated android google apache google java android android self-defined obfuscated self-defined java self-defined android java android java self-defined android java android self-defined android java xml apache java android android android android xml android self-defined google self-defined self-defined self-defined javax android android android java android google self-defined obfuscated google android google java android self-defined java self-defined android java java android xml,1
benign140,android xml android java self-defined obfuscated self-defined google self-defined java android self-defined google self-defined self-defined google android xml java obfuscated obfuscated java java google javax xml self-defined android java self-defined obfuscated javax android android android java android google java obfuscated java self-defined obfuscated android google javax java android xml java self-defined obfuscated obfuscated java,0
benign238,self-defined android java self-defined self-defined java android xml java javax self-defined android java android java android google java android android android java self-defined obfuscated self-defined android java java android self-defined android java self-defined android java android android self-defined android java self-defined java javax java self-defined obfuscated android xml xml apache android self-defined java java javax xml apache,0
malware139,self-defined google java java self-defined java android java android google android google javax android xml java android xml java android android google android java self-defined obfuscated java android self-defined java google android google java android android java self-defined obfuscated java android self-defined java android android java android self-defined android,1
malware213,self-defined android java self-defined android java xml java android self-defined android self-defined android java self-defined obfuscated java android xml java javax xml android java xml google self-defined self-defined java android self-defined android self-defined java android java android google android xml self-defined java javax xml java xml google android android self-defined android java android android android google java android java android self-defined java android xml java self-defined google android java android xml java javax android apache self-defined android java android java self-defined android java self-defined android java obfuscated android google self-defined xml google java android xml java self-defined google android google java google self-defined java java android self-defined android self-defined android android android java self-defined obfuscated android java self-defined java java android xml java android android javax android java xml self-defined google java android xml obfuscated self-defined android google java android,1
malware246,java java android google java android google self-defined self-defined android android self-defined java xml self-defined self-defined java android xml java java self-defined android java javax android android apache android android google android google java android android java android self-defined self-defined self-defined google android java android android java android google google android self-defined google java self-defined obfuscated self-defined android java javax android self-defined java self-defined javax android java self-defined obfuscated self-defined obfuscated java android self-defined obfuscated java apache self-defined self-defined android android xml java javax java java self-defined android java self-defined self-defined android java self-defined google java android java self-defined obfuscated self-defined self-defined obfuscated android android android,1
malware054,java xml java xml java android xml java self-defined android xml java android self-defined google java xml java javax java obfuscated self-defined xml java android xml java javax android apache android google obfuscated apache java android self-defined google self-defined java java self-defined android java android google android self-defined java xml apache javax android java self-defined obfuscated android java android self-defined obfuscated obfuscated android javax xml java android android java xml java xml google android java javax xml android self-defined obfuscated android obfuscated java java android self-defined google self-defined google javax android android java self-defined obfuscated java android self-defined java javax java android google java android java javax android android java java android google javax java android android google java android google android java self-defined obfuscated java android android java android google android android google android java apache java java android self-defined google google self-defined java android self-defined javax android java javax java google,1
malware029,self-defined java apache android java javax android self-defined java javax xml android java android google android google self-defined obfuscated android java android google google android xml apache android google java self-defined android java java xml xml java android xml java android javax android self-defined self-defined self-defined java xml android android android android java android google xml self-defined obfuscated java java android self-defined obfuscated android xml self-defined google java android xml apache google self-defined self-defined android xml java xml android android google java xml google java xml self-defined android google self-defined android java self-defined obfuscated java android self-defined obfuscated self-defined android google android java android self-defined android google java android java android google java android xml java javax java android xml java javax google android java android google self-defined android android java android xml java xml android android google google android android java android google java java android java self-defined obfuscated java xml self-defined android google,1
benign163,android android self-defined google android java self-defined android java self-defined android java javax android java android xml java xml apache self-defined android java self-defined obfuscated obfuscated android android self-defined google android google self-defined obfuscated android android self-defined javax android google javax android android java self-defined obfuscated self-defined java android java self-defined obfuscated java java android android java self-defined obfuscated java android java obfuscated google android google obfuscated self-defined android xml android xml android android java android google android android self-defined java apache java google self-defined java self-defined obfuscated self-defined apache java android self-defined java self-defined java android xml java android java self-defined obfuscated javax java javax,0
benign014,java self-defined android java android self-defined android java android xml android android java self-defined obfuscated java java android xml java javax java java self-defined android self-defined android java java android xml java java self-defined android java self-defined obfuscated java java javax javax google java android java android xml java self-defined google java xml self-defined google self-defined self-defined android java android java self-defined obfuscated android,0
